bonus_id,player_id,campaign_id,bonus_date,bonus_amount,bonus_status
1,100002,2,2026-03-21,45.01,Expired
2,100004,2,2026-03-09,5.32,Redeemed
3,100005,1,2026-03-21,35.35,Redeemed
4,100007,5,2026-02-15,10.69,Redeemed
5,100008,1,2026-03-05,7.59,Redeemed
6,100009,1,2026-01-06,163.91,Expired
7,100009,5,2026-01-09,78.6,Expired
8,100009,2,2026-01-24,44.79,Redeemed
9,100009,2,2026-01-30,35.4,Expired
10,100009,1,2026-02-07,26.11,Redeemed
11,100009,4,2026-02-16,24.11,Redeemed
12,100009,3,2026-02-19,16.77,Redeemed
13,100009,5,2026-02-27,41.23,Redeemed
14,100009,5,2026-03-04,207.16,Redeemed
15,100009,1,2026-03-07,66.55,Redeemed
16,100009,2,2026-03-13,220.31,Expired
17,100009,4,2026-03-29,49.08,Expired
18,100009,5,2026-03-30,58.83,Redeemed
19,100010,2,2026-01-25,5.0,Redeemed
20,100010,1,2026-01-31,16.01,Redeemed
21,100010,4,2026-02-08,22.98,Expired
22,100010,2,2026-02-20,32.31,Redeemed
23,100011,2,2026-01-08,20.13,Redeemed
24,100011,1,2026-01-11,35.05,Expired
25,100011,3,2026-01-12,16.36,Redeemed
26,100011,3,2026-02-21,30.93,Redeemed
27,100011,4,2026-03-02,26.76,Expired
28,100012,4,2026-01-14,12.53,Redeemed
29,100015,2,2026-01-01,20.41,Redeemed
30,100015,1,2026-03-20,15.81,Expired
31,100016,2,2026-01-08,207.38,Redeemed
32,100016,2,2026-01-24,59.06,Redeemed
33,100016,3,2026-02-23,136.28,Redeemed
34,100016,4,2026-02-26,74.22,Redeemed
35,100016,3,2026-02-28,179.91,Redeemed
36,100016,1,2026-03-01,75.91,Redeemed
37,100016,4,2026-03-04,326.92,Redeemed
38,100016,1,2026-03-06,240.34,Redeemed
39,100016,2,2026-03-27,28.77,Redeemed
40,100017,2,2026-03-26,5.0,Redeemed
41,100018,3,2026-01-09,10.78,Redeemed
42,100018,2,2026-03-30,26.19,Redeemed
43,100020,1,2026-01-19,13.3,Redeemed
44,100021,1,2026-02-17,19.68,Redeemed
45,100022,3,2026-02-27,23.97,Cancelled
46,100023,2,2026-02-24,24.77,Redeemed
47,100023,1,2026-02-28,5.0,Redeemed
48,100024,4,2026-01-29,23.46,Expired
49,100024,2,2026-02-12,32.26,Redeemed
50,100024,2,2026-02-15,19.98,Redeemed
51,100024,1,2026-03-25,10.48,Expired
52,100025,2,2026-02-15,20.35,Redeemed
53,100026,2,2026-01-26,29.42,Redeemed
54,100026,1,2026-01-30,16.01,Redeemed
55,100026,2,2026-02-13,53.88,Expired
56,100026,2,2026-02-17,27.78,Redeemed
57,100027,2,2026-01-03,18.04,Redeemed
58,100028,1,2026-01-10,289.05,Expired
59,100028,1,2026-01-15,284.93,Expired
60,100028,4,2026-01-17,40.47,Redeemed
61,100028,5,2026-01-27,518.66,Redeemed
62,100028,3,2026-02-05,206.42,Expired
63,100028,1,2026-03-27,217.66,Redeemed
64,100030,2,2026-01-06,11.88,Redeemed
65,100030,1,2026-02-24,9.81,Expired
66,100033,4,2026-01-08,217.05,Redeemed
67,100033,2,2026-01-19,27.62,Expired
68,100033,3,2026-01-30,16.19,Redeemed
69,100033,3,2026-03-02,41.72,Redeemed
70,100033,4,2026-03-18,43.33,Expired
71,100035,1,2026-01-03,146.86,Redeemed
72,100035,3,2026-01-06,90.16,Redeemed
73,100035,2,2026-01-07,49.02,Expired
74,100035,3,2026-01-12,19.53,Expired
75,100035,2,2026-01-13,100.33,Expired
76,100035,2,2026-01-15,92.75,Redeemed
77,100035,2,2026-01-25,138.7,Redeemed
78,100035,3,2026-03-01,34.21,Redeemed
79,100035,2,2026-03-11,267.75,Redeemed
80,100035,5,2026-03-13,74.82,Expired
81,100035,4,2026-03-14,20.58,Redeemed
82,100036,4,2026-01-26,31.21,Redeemed
83,100036,3,2026-02-16,52.27,Redeemed
84,100038,4,2026-01-06,70.64,Redeemed
85,100038,3,2026-03-22,63.71,Redeemed
86,100039,1,2026-01-01,43.8,Expired
87,100039,2,2026-02-23,28.24,Redeemed
88,100041,5,2026-02-16,44.49,Expired
89,100042,3,2026-01-21,8.58,Expired
90,100042,2,2026-03-21,41.01,Redeemed
91,100043,1,2026-01-12,10.2,Expired
92,100044,1,2026-01-31,60.39,Redeemed
93,100046,1,2026-01-25,14.5,Redeemed
94,100052,3,2026-01-04,114.56,Redeemed
95,100052,4,2026-01-05,39.54,Expired
96,100052,1,2026-01-14,63.36,Redeemed
97,100052,5,2026-01-25,34.27,Redeemed
98,100052,1,2026-01-25,101.53,Redeemed
99,100053,2,2026-01-21,27.48,Redeemed
100,100053,4,2026-03-06,69.92,Redeemed
101,100054,1,2026-02-28,16.05,Redeemed
102,100056,1,2026-03-27,43.76,Redeemed
103,100057,3,2026-01-19,24.69,Expired
104,100058,4,2026-02-08,31.07,Expired
105,100058,5,2026-02-22,8.8,Redeemed
106,100059,3,2026-01-01,30.04,Expired
107,100059,4,2026-03-02,32.5,Redeemed
108,100060,1,2026-03-02,6.13,Expired
109,100061,4,2026-01-09,359.59,Redeemed
110,100061,1,2026-02-09,110.74,Redeemed
111,100061,1,2026-02-23,158.81,Redeemed
112,100061,3,2026-02-24,310.12,Redeemed
113,100061,4,2026-02-27,38.36,Redeemed
114,100061,5,2026-03-18,25.85,Redeemed
115,100062,1,2026-01-19,10.04,Redeemed
116,100062,1,2026-03-04,20.09,Redeemed
117,100062,1,2026-03-26,5.0,Redeemed
118,100064,2,2026-03-18,32.16,Expired
119,100064,3,2026-03-25,42.45,Redeemed
120,100065,3,2026-01-03,25.72,Redeemed
121,100065,2,2026-01-21,15.42,Redeemed
122,100065,2,2026-02-08,11.74,Redeemed
123,100067,2,2026-01-15,54.02,Redeemed
124,100068,3,2026-01-12,5.78,Redeemed
125,100068,1,2026-01-12,10.81,Redeemed
126,100068,3,2026-01-12,9.96,Redeemed
127,100068,2,2026-02-09,34.8,Redeemed
128,100070,3,2026-02-13,8.41,Cancelled
129,100070,4,2026-03-18,5.0,Redeemed
130,100072,2,2026-01-03,74.82,Redeemed
131,100072,2,2026-01-25,87.95,Redeemed
132,100072,2,2026-02-20,60.27,Cancelled
133,100072,4,2026-02-24,52.45,Redeemed
134,100072,2,2026-02-25,178.29,Redeemed
135,100072,2,2026-02-26,120.86,Redeemed
136,100072,4,2026-03-05,113.42,Redeemed
137,100072,3,2026-03-13,142.21,Expired
138,100072,2,2026-03-18,99.78,Redeemed
139,100073,4,2026-02-03,16.08,Redeemed
140,100073,1,2026-03-28,37.21,Expired
141,100075,2,2026-01-05,36.52,Redeemed
142,100075,2,2026-03-09,15.56,Redeemed
143,100075,1,2026-03-24,28.07,Expired
144,100076,5,2026-02-24,5.0,Redeemed
145,100078,2,2026-01-27,16.27,Expired
146,100078,1,2026-02-24,21.55,Redeemed
147,100078,3,2026-02-27,38.87,Cancelled
148,100078,5,2026-03-16,23.02,Redeemed
149,100079,4,2026-03-28,12.43,Redeemed
150,100080,3,2026-01-16,26.6,Redeemed
151,100081,3,2026-01-12,14.11,Redeemed
152,100081,2,2026-03-05,10.54,Expired
153,100081,4,2026-03-05,39.92,Redeemed
154,100082,3,2026-01-21,13.16,Cancelled
155,100082,2,2026-02-07,26.97,Redeemed
156,100083,2,2026-01-03,16.78,Cancelled
157,100083,1,2026-01-03,16.63,Redeemed
158,100083,2,2026-01-13,8.87,Redeemed
159,100084,1,2026-02-21,6.87,Redeemed
160,100085,1,2026-02-07,15.48,Redeemed
161,100085,3,2026-02-27,24.04,Expired
162,100086,1,2026-01-02,24.47,Redeemed
163,100086,1,2026-01-06,266.3,Redeemed
164,100086,1,2026-01-13,36.75,Redeemed
165,100086,3,2026-01-26,62.24,Redeemed
166,100086,4,2026-02-01,72.59,Cancelled
167,100086,4,2026-02-22,93.01,Redeemed
168,100086,1,2026-02-26,69.97,Redeemed
169,100086,5,2026-03-11,132.36,Redeemed
170,100086,1,2026-03-29,281.57,Expired
171,100088,4,2026-01-29,9.83,Redeemed
172,100088,4,2026-02-12,13.61,Expired
173,100089,3,2026-01-07,39.79,Redeemed
174,100090,1,2026-02-04,6.34,Redeemed
175,100091,4,2026-03-08,28.26,Expired
176,100092,1,2026-01-30,14.32,Redeemed
177,100092,4,2026-03-23,31.5,Expired
178,100093,1,2026-02-01,44.18,Redeemed
179,100093,5,2026-03-27,68.26,Redeemed
180,100093,1,2026-03-30,5.0,Redeemed
181,100095,4,2026-01-18,23.43,Expired
182,100095,2,2026-02-25,12.22,Redeemed
183,100096,2,2026-03-08,23.16,Redeemed
184,100096,2,2026-03-10,8.65,Redeemed
185,100097,1,2026-02-20,25.12,Redeemed
186,100098,3,2026-03-02,45.94,Expired
187,100099,3,2026-01-08,99.78,Redeemed
188,100099,3,2026-01-08,44.5,Redeemed
189,100099,3,2026-01-11,32.36,Redeemed
190,100099,3,2026-02-04,188.82,Redeemed
191,100099,1,2026-02-08,88.3,Redeemed
192,100099,4,2026-02-11,32.91,Redeemed
193,100099,1,2026-02-13,178.2,Redeemed
194,100101,3,2026-01-01,35.13,Redeemed
195,100101,1,2026-03-11,32.17,Redeemed
196,100102,1,2026-01-29,28.34,Redeemed
197,100103,2,2026-03-18,10.69,Redeemed
198,100104,3,2026-01-07,64.29,Redeemed
199,100104,4,2026-01-09,55.27,Cancelled
200,100104,4,2026-01-22,160.89,Redeemed
201,100104,4,2026-01-22,67.39,Redeemed
202,100104,4,2026-01-23,244.45,Expired
203,100104,2,2026-01-24,25.13,Redeemed
204,100104,3,2026-02-08,85.28,Expired
205,100105,2,2026-01-20,27.49,Redeemed
206,100106,5,2026-01-02,26.34,Redeemed
207,100108,1,2026-03-09,54.95,Redeemed
208,100109,3,2026-01-29,36.24,Redeemed
209,100109,4,2026-01-31,8.31,Redeemed
210,100109,4,2026-02-10,18.54,Redeemed
211,100109,4,2026-02-20,33.48,Redeemed
212,100109,1,2026-02-22,19.01,Redeemed
213,100109,2,2026-03-02,6.5,Redeemed
214,100109,3,2026-03-14,5.0,Expired
215,100110,3,2026-01-14,25.22,Redeemed
216,100110,1,2026-01-30,11.19,Redeemed
217,100111,2,2026-01-20,19.56,Redeemed
218,100112,1,2026-01-13,11.0,Expired
219,100112,4,2026-01-20,20.34,Redeemed
220,100112,2,2026-01-27,30.47,Cancelled
221,100113,4,2026-02-07,12.1,Cancelled
222,100114,1,2026-02-06,54.81,Redeemed
223,100114,1,2026-02-16,19.41,Redeemed
224,100116,4,2026-03-29,11.38,Redeemed
225,100117,2,2026-01-07,28.92,Expired
226,100118,1,2026-01-21,53.41,Redeemed
227,100118,5,2026-03-07,10.79,Redeemed
228,100120,3,2026-03-26,16.26,Redeemed
229,100125,1,2026-01-02,46.43,Redeemed
230,100125,2,2026-01-17,27.2,Redeemed
231,100125,5,2026-03-05,49.83,Redeemed
232,100125,1,2026-03-09,14.43,Redeemed
233,100128,3,2026-02-11,147.88,Redeemed
234,100128,4,2026-02-14,41.32,Expired
235,100128,1,2026-02-21,110.87,Redeemed
236,100128,4,2026-03-04,191.22,Redeemed
237,100128,4,2026-03-05,22.12,Redeemed
238,100128,5,2026-03-13,129.51,Redeemed
239,100128,4,2026-03-28,88.79,Redeemed
240,100129,1,2026-01-19,47.05,Redeemed
241,100130,3,2026-01-17,207.79,Redeemed
242,100130,2,2026-01-27,16.3,Redeemed
243,100130,1,2026-01-31,80.55,Redeemed
244,100130,1,2026-02-16,208.47,Redeemed
245,100130,2,2026-02-24,158.29,Redeemed
246,100130,2,2026-02-27,138.63,Expired
247,100130,4,2026-03-06,83.99,Redeemed
248,100130,3,2026-03-21,25.76,Redeemed
249,100131,3,2026-01-16,30.86,Redeemed
250,100131,3,2026-01-28,34.45,Expired
251,100132,2,2026-01-01,45.55,Redeemed
252,100132,4,2026-02-24,25.66,Redeemed
253,100135,3,2026-01-31,34.36,Redeemed
254,100135,2,2026-03-17,22.28,Redeemed
255,100136,1,2026-02-22,56.14,Redeemed
256,100136,2,2026-02-22,43.5,Expired
257,100136,5,2026-02-25,40.37,Expired
258,100139,4,2026-02-02,29.24,Redeemed
259,100140,3,2026-03-31,18.74,Redeemed
260,100141,3,2026-02-03,47.52,Expired
261,100141,3,2026-02-17,5.0,Redeemed
262,100142,4,2026-02-05,30.46,Redeemed
263,100142,2,2026-02-27,61.74,Expired
264,100143,2,2026-02-03,64.53,Redeemed
265,100143,4,2026-03-23,26.62,Expired
266,100144,1,2026-02-25,13.29,Expired
267,100146,5,2026-02-11,5.28,Expired
268,100149,4,2026-03-11,46.1,Redeemed
269,100150,3,2026-02-25,11.43,Redeemed
270,100151,3,2026-01-22,14.39,Redeemed
271,100151,3,2026-02-25,16.02,Expired
272,100152,2,2026-02-24,16.79,Expired
273,100153,2,2026-01-18,46.94,Redeemed
274,100154,2,2026-03-12,48.58,Expired
275,100154,1,2026-03-26,11.94,Redeemed
276,100155,3,2026-03-15,6.23,Redeemed
277,100156,2,2026-01-03,62.15,Redeemed
278,100156,1,2026-01-03,184.07,Redeemed
279,100156,4,2026-01-06,380.46,Redeemed
280,100156,2,2026-01-07,310.85,Expired
281,100156,1,2026-01-08,208.46,Redeemed
282,100156,1,2026-01-20,92.77,Redeemed
283,100156,4,2026-01-30,63.28,Redeemed
284,100156,2,2026-03-03,78.35,Cancelled
285,100156,2,2026-03-03,81.78,Expired
286,100156,5,2026-03-09,193.13,Redeemed
287,100157,4,2026-03-24,17.67,Redeemed
288,100157,2,2026-03-27,6.74,Redeemed
289,100159,1,2026-01-27,20.34,Redeemed
290,100161,5,2026-01-01,45.91,Redeemed
291,100161,1,2026-02-08,24.28,Redeemed
292,100163,4,2026-03-16,28.26,Redeemed
293,100164,2,2026-03-01,57.32,Redeemed
294,100164,1,2026-03-19,53.41,Redeemed
295,100165,4,2026-01-23,45.22,Redeemed
296,100169,2,2026-02-08,5.0,Redeemed
297,100169,1,2026-02-18,13.75,Redeemed
298,100170,1,2026-01-15,26.11,Expired
299,100170,2,2026-01-17,7.11,Redeemed
300,100170,2,2026-02-17,13.85,Redeemed
301,100171,5,2026-02-05,33.8,Redeemed
302,100172,1,2026-01-19,25.68,Redeemed
303,100172,1,2026-03-16,40.47,Expired
304,100173,1,2026-01-12,9.26,Redeemed
305,100173,3,2026-02-15,80.03,Redeemed
306,100173,5,2026-03-03,44.22,Redeemed
307,100174,4,2026-02-20,20.66,Expired
308,100174,2,2026-03-04,11.55,Redeemed
309,100175,3,2026-02-12,29.74,Cancelled
310,100176,2,2026-01-02,19.68,Redeemed
311,100177,5,2026-01-13,153.57,Redeemed
312,100177,1,2026-01-27,208.0,Redeemed
313,100177,2,2026-02-09,41.89,Redeemed
314,100177,1,2026-02-17,90.02,Redeemed
315,100177,1,2026-02-22,142.36,Redeemed
316,100177,1,2026-03-18,173.7,Redeemed
317,100178,3,2026-02-01,5.0,Redeemed
318,100178,2,2026-02-22,52.5,Redeemed
319,100178,2,2026-03-24,56.77,Redeemed
320,100178,2,2026-03-30,22.81,Redeemed
321,100180,1,2026-01-20,24.02,Redeemed
322,100182,2,2026-01-25,34.77,Expired
323,100183,2,2026-02-07,63.07,Redeemed
324,100183,1,2026-02-18,53.8,Redeemed
325,100183,3,2026-03-03,7.79,Redeemed
326,100188,1,2026-02-09,12.69,Redeemed
327,100189,5,2026-03-19,47.08,Expired
328,100192,3,2026-01-01,19.91,Redeemed
329,100192,1,2026-01-01,24.1,Redeemed
330,100192,5,2026-01-20,9.23,Redeemed
331,100196,4,2026-02-01,32.08,Redeemed
332,100196,1,2026-03-05,12.55,Redeemed
333,100198,4,2026-02-03,5.0,Redeemed
334,100198,5,2026-02-07,8.71,Redeemed
335,100201,1,2026-01-14,17.87,Redeemed
336,100201,3,2026-03-20,14.4,Expired
337,100203,2,2026-02-12,20.75,Redeemed
338,100203,2,2026-03-17,23.21,Redeemed
339,100205,1,2026-01-26,21.99,Redeemed
340,100206,1,2026-01-14,5.0,Redeemed
341,100209,4,2026-03-26,16.16,Redeemed
342,100210,4,2026-01-22,48.06,Redeemed
343,100210,3,2026-01-22,12.18,Redeemed
344,100211,1,2026-02-12,11.21,Redeemed
345,100214,2,2026-01-05,40.7,Redeemed
346,100214,1,2026-01-25,47.44,Expired
347,100218,3,2026-01-06,22.57,Expired
348,100218,3,2026-01-09,7.05,Redeemed
349,100219,2,2026-01-10,5.86,Redeemed
350,100220,2,2026-03-30,30.02,Expired
351,100221,3,2026-01-12,13.07,Redeemed
352,100222,1,2026-03-01,61.14,Redeemed
353,100222,2,2026-03-04,27.72,Redeemed
354,100223,2,2026-01-23,24.23,Redeemed
355,100224,3,2026-01-29,10.32,Redeemed
356,100226,4,2026-01-03,188.47,Redeemed
357,100226,3,2026-01-06,312.81,Redeemed
358,100226,3,2026-01-06,122.92,Redeemed
359,100226,5,2026-01-13,234.51,Redeemed
360,100226,2,2026-01-15,121.81,Redeemed
361,100226,1,2026-01-23,228.18,Redeemed
362,100226,5,2026-02-06,127.65,Redeemed
363,100226,4,2026-03-02,30.0,Redeemed
364,100226,1,2026-03-06,156.59,Redeemed
365,100226,4,2026-03-09,17.61,Redeemed
366,100226,3,2026-03-17,53.69,Redeemed
367,100226,3,2026-03-22,46.77,Expired
368,100226,5,2026-03-28,45.01,Redeemed
369,100227,4,2026-01-24,14.07,Redeemed
370,100227,2,2026-02-23,18.3,Redeemed
371,100227,5,2026-03-23,44.81,Cancelled
372,100230,4,2026-03-29,69.27,Expired
373,100231,4,2026-02-15,42.36,Redeemed
374,100232,2,2026-01-31,31.02,Redeemed
375,100232,4,2026-02-07,44.99,Redeemed
376,100233,2,2026-01-09,19.76,Redeemed
377,100234,5,2026-01-18,17.45,Redeemed
378,100234,3,2026-01-30,46.65,Redeemed
379,100236,5,2026-01-17,29.3,Expired
380,100236,1,2026-02-23,6.71,Redeemed
381,100237,1,2026-01-09,18.45,Redeemed
382,100237,2,2026-02-01,27.08,Redeemed
383,100237,5,2026-02-06,115.86,Redeemed
384,100237,4,2026-02-10,86.55,Redeemed
385,100237,1,2026-02-15,27.26,Redeemed
386,100237,1,2026-02-25,55.62,Expired
387,100237,2,2026-02-28,30.6,Redeemed
388,100237,2,2026-03-10,87.66,Redeemed
389,100237,2,2026-03-17,229.5,Redeemed
390,100239,3,2026-01-08,102.28,Redeemed
391,100239,4,2026-01-13,22.52,Redeemed
392,100239,5,2026-02-10,34.83,Redeemed
393,100239,3,2026-02-13,83.0,Redeemed
394,100239,4,2026-02-18,119.71,Redeemed
395,100239,1,2026-02-21,268.93,Redeemed
396,100239,2,2026-02-28,234.99,Redeemed
397,100239,2,2026-03-03,32.02,Redeemed
398,100239,1,2026-03-07,115.37,Redeemed
399,100239,3,2026-03-09,91.26,Redeemed
400,100240,1,2026-01-10,57.74,Redeemed
401,100240,4,2026-02-24,14.3,Redeemed
402,100242,1,2026-01-10,5.0,Redeemed
403,100243,3,2026-02-16,12.31,Redeemed
404,100244,1,2026-01-09,7.79,Redeemed
405,100244,1,2026-02-25,16.33,Redeemed
406,100247,2,2026-01-12,127.54,Redeemed
407,100247,1,2026-01-25,85.1,Redeemed
408,100247,2,2026-02-11,44.82,Redeemed
409,100247,2,2026-02-11,178.56,Redeemed
410,100247,5,2026-02-27,196.58,Expired
411,100250,3,2026-01-27,18.18,Expired
412,100250,2,2026-02-01,11.79,Redeemed
413,100250,1,2026-03-26,6.97,Expired
414,100250,2,2026-03-31,19.82,Redeemed
415,100256,2,2026-02-07,27.41,Redeemed
416,100257,2,2026-03-04,41.74,Redeemed
417,100259,2,2026-01-05,7.67,Redeemed
418,100260,2,2026-01-24,25.33,Cancelled
419,100260,2,2026-02-07,20.44,Cancelled
420,100260,3,2026-03-03,9.99,Redeemed
421,100262,1,2026-01-18,9.19,Redeemed
422,100262,5,2026-02-25,57.88,Cancelled
423,100262,2,2026-03-05,21.52,Expired
424,100264,1,2026-01-14,11.66,Redeemed
425,100265,2,2026-02-11,9.04,Expired
426,100266,2,2026-01-17,38.48,Redeemed
427,100267,2,2026-01-03,22.03,Redeemed
428,100267,3,2026-01-17,15.35,Redeemed
429,100268,1,2026-02-25,33.94,Redeemed
430,100268,3,2026-03-18,6.02,Redeemed
431,100269,2,2026-03-21,22.65,Expired
432,100270,1,2026-03-03,6.28,Redeemed
433,100272,3,2026-01-17,19.28,Redeemed
434,100276,1,2026-03-04,5.0,Redeemed
435,100281,3,2026-01-30,55.77,Expired
436,100282,5,2026-03-03,37.46,Redeemed
437,100283,2,2026-02-17,9.6,Redeemed
438,100285,2,2026-02-03,16.2,Redeemed
439,100285,1,2026-02-15,5.0,Redeemed
440,100287,5,2026-03-09,57.58,Redeemed
441,100289,2,2026-02-13,7.53,Redeemed
442,100289,1,2026-03-04,26.06,Redeemed
443,100291,1,2026-02-19,37.96,Redeemed
444,100291,2,2026-03-09,8.37,Redeemed
445,100292,1,2026-02-28,17.6,Redeemed
446,100294,1,2026-01-10,5.83,Redeemed
447,100294,3,2026-01-25,14.62,Redeemed
448,100294,1,2026-01-25,31.72,Redeemed
449,100295,2,2026-01-02,39.41,Redeemed
450,100295,2,2026-01-05,96.71,Redeemed
451,100295,1,2026-01-08,102.99,Redeemed
452,100295,1,2026-01-15,23.89,Redeemed
453,100295,1,2026-01-20,262.85,Redeemed
454,100295,2,2026-02-02,250.58,Redeemed
455,100295,1,2026-02-03,139.08,Redeemed
456,100295,4,2026-02-08,306.22,Redeemed
457,100295,4,2026-02-10,49.24,Expired
458,100295,1,2026-02-13,325.3,Redeemed
459,100296,2,2026-02-06,41.17,Cancelled
460,100297,1,2026-01-31,31.67,Redeemed
461,100297,2,2026-03-11,50.48,Redeemed
462,100299,5,2026-01-04,6.69,Redeemed
463,100299,3,2026-01-06,53.34,Cancelled
464,100299,4,2026-01-26,23.37,Redeemed
465,100299,3,2026-02-01,13.91,Redeemed
466,100299,1,2026-02-10,29.32,Expired
467,100300,4,2026-01-15,29.09,Redeemed
468,100301,2,2026-01-16,23.38,Redeemed
469,100301,1,2026-02-01,34.65,Redeemed
470,100302,2,2026-01-08,375.85,Redeemed
471,100302,3,2026-01-13,115.03,Cancelled
472,100302,4,2026-01-13,67.37,Redeemed
473,100302,2,2026-01-26,133.38,Expired
474,100302,1,2026-03-05,173.36,Redeemed
475,100302,5,2026-03-07,26.27,Expired
476,100302,3,2026-03-12,21.61,Redeemed
477,100302,2,2026-03-12,118.06,Redeemed
478,100302,1,2026-03-23,61.28,Redeemed
479,100304,1,2026-01-01,21.83,Redeemed
480,100304,4,2026-03-31,6.71,Expired
481,100305,1,2026-02-14,34.98,Redeemed
482,100306,1,2026-01-10,19.51,Redeemed
483,100306,4,2026-02-16,57.21,Redeemed
484,100307,1,2026-03-01,43.04,Redeemed
485,100307,1,2026-03-19,14.54,Redeemed
486,100307,4,2026-03-29,12.16,Redeemed
487,100308,5,2026-01-14,16.94,Redeemed
488,100309,3,2026-03-30,39.57,Redeemed
489,100313,2,2026-01-22,13.22,Redeemed
490,100313,4,2026-01-30,10.66,Expired
491,100314,1,2026-01-08,30.38,Expired
492,100318,4,2026-01-15,30.54,Expired
493,100318,1,2026-01-21,324.93,Redeemed
494,100318,1,2026-01-25,70.56,Redeemed
495,100318,5,2026-02-20,115.86,Redeemed
496,100321,1,2026-01-08,9.91,Redeemed
497,100321,1,2026-01-22,31.84,Redeemed
498,100322,2,2026-01-31,6.23,Expired
499,100322,1,2026-02-07,11.67,Redeemed
500,100322,1,2026-02-20,11.7,Redeemed
501,100322,4,2026-03-11,15.99,Redeemed
502,100322,1,2026-03-14,19.38,Redeemed
503,100322,2,2026-03-31,6.57,Redeemed
504,100323,4,2026-02-19,22.3,Redeemed
505,100324,2,2026-01-07,13.31,Redeemed
506,100324,1,2026-01-27,22.26,Redeemed
507,100325,1,2026-01-02,13.35,Redeemed
508,100327,5,2026-02-05,12.53,Redeemed
509,100330,1,2026-02-07,6.9,Redeemed
510,100332,5,2026-01-09,29.7,Redeemed
511,100332,2,2026-01-19,19.37,Redeemed
512,100333,2,2026-02-19,26.63,Cancelled
513,100334,2,2026-01-05,38.37,Expired
514,100334,2,2026-01-17,23.74,Redeemed
515,100334,1,2026-01-25,38.19,Redeemed
516,100334,5,2026-02-01,90.25,Redeemed
517,100334,3,2026-03-07,28.58,Redeemed
518,100334,3,2026-03-17,16.27,Expired
519,100334,5,2026-03-20,209.11,Redeemed
520,100336,2,2026-01-31,33.4,Redeemed
521,100337,3,2026-01-12,26.11,Expired
522,100337,1,2026-01-19,16.34,Redeemed
523,100337,3,2026-01-20,225.7,Redeemed
524,100337,1,2026-02-14,44.49,Redeemed
525,100337,1,2026-03-02,196.98,Redeemed
526,100337,2,2026-03-03,41.71,Expired
527,100337,3,2026-03-12,33.57,Redeemed
528,100337,5,2026-03-17,20.94,Redeemed
529,100337,4,2026-03-29,24.64,Expired
530,100338,5,2026-02-26,16.19,Cancelled
531,100338,3,2026-03-18,5.0,Redeemed
532,100338,2,2026-03-29,49.65,Expired
533,100339,1,2026-01-08,33.36,Redeemed
534,100339,1,2026-01-14,86.78,Expired
535,100339,1,2026-01-17,20.15,Redeemed
536,100339,2,2026-02-09,91.08,Expired
537,100339,4,2026-02-12,153.97,Redeemed
538,100339,4,2026-02-13,98.61,Redeemed
539,100339,2,2026-02-19,124.93,Redeemed
540,100339,4,2026-02-27,287.2,Redeemed
541,100339,1,2026-03-15,29.27,Redeemed
542,100339,1,2026-03-21,90.65,Redeemed
543,100339,2,2026-03-31,86.37,Redeemed
544,100343,2,2026-01-11,5.0,Redeemed
545,100344,3,2026-01-24,24.14,Redeemed
546,100345,1,2026-01-13,24.36,Redeemed
547,100345,2,2026-02-18,26.35,Redeemed
548,100346,4,2026-02-26,5.48,Redeemed
549,100346,2,2026-03-02,9.88,Redeemed
550,100346,1,2026-03-21,18.79,Redeemed
551,100346,2,2026-03-21,6.23,Redeemed
552,100347,2,2026-01-05,17.58,Redeemed
553,100349,2,2026-01-27,21.57,Redeemed
554,100349,3,2026-03-16,23.92,Redeemed
555,100350,2,2026-01-01,14.38,Redeemed
556,100350,2,2026-01-02,26.17,Expired
557,100354,2,2026-02-04,5.0,Redeemed
558,100355,4,2026-02-19,22.31,Redeemed
559,100355,1,2026-03-23,17.89,Redeemed
560,100358,3,2026-01-10,9.69,Redeemed
561,100358,2,2026-02-22,5.0,Expired
562,100361,1,2026-01-05,9.34,Redeemed
563,100362,3,2026-02-17,5.0,Redeemed
564,100363,3,2026-03-15,14.01,Expired
565,100364,3,2026-01-31,56.93,Redeemed
566,100364,1,2026-03-08,5.0,Redeemed
567,100365,5,2026-03-01,34.91,Redeemed
568,100367,3,2026-02-21,65.59,Redeemed
569,100367,5,2026-02-24,17.21,Redeemed
570,100371,1,2026-01-05,24.57,Redeemed
571,100372,2,2026-01-26,23.55,Redeemed
572,100373,2,2026-03-26,39.9,Redeemed
573,100379,4,2026-02-02,35.68,Expired
574,100380,5,2026-01-10,17.8,Redeemed
575,100380,1,2026-02-25,32.36,Redeemed
576,100380,1,2026-03-21,31.81,Expired
577,100382,5,2026-01-12,5.0,Redeemed
578,100382,1,2026-01-16,11.08,Redeemed
579,100382,2,2026-01-26,12.58,Redeemed
580,100383,2,2026-01-06,116.76,Redeemed
581,100383,2,2026-01-24,40.83,Redeemed
582,100383,2,2026-02-10,24.42,Redeemed
583,100384,5,2026-01-07,5.0,Redeemed
584,100384,1,2026-01-16,16.57,Redeemed
585,100384,1,2026-01-30,51.14,Redeemed
586,100384,1,2026-02-10,14.55,Redeemed
587,100385,4,2026-01-29,5.0,Redeemed
588,100385,1,2026-02-23,24.33,Expired
589,100385,2,2026-02-27,12.12,Expired
590,100385,3,2026-03-25,10.57,Redeemed
591,100387,1,2026-01-16,105.01,Redeemed
592,100387,3,2026-01-26,141.78,Redeemed
593,100387,1,2026-01-27,44.62,Redeemed
594,100387,1,2026-02-02,40.83,Redeemed
595,100387,5,2026-02-10,144.26,Redeemed
596,100387,3,2026-02-20,109.9,Redeemed
597,100387,4,2026-03-22,147.31,Redeemed
598,100389,1,2026-01-05,78.3,Redeemed
599,100389,3,2026-01-06,68.48,Redeemed
600,100389,1,2026-02-03,337.57,Redeemed
601,100389,4,2026-03-16,135.71,Redeemed
602,100389,3,2026-03-20,98.06,Redeemed
603,100389,2,2026-03-24,39.03,Cancelled
604,100389,2,2026-03-28,83.69,Redeemed
605,100390,1,2026-01-11,120.66,Redeemed
606,100390,2,2026-01-22,81.26,Redeemed
607,100390,4,2026-02-28,99.25,Redeemed
608,100390,4,2026-03-09,44.95,Redeemed
609,100390,2,2026-03-26,75.95,Redeemed
610,100391,1,2026-01-09,14.36,Redeemed
611,100391,1,2026-03-26,28.06,Redeemed
612,100392,4,2026-01-30,285.27,Expired
613,100392,1,2026-02-07,34.08,Redeemed
614,100392,5,2026-03-03,113.51,Redeemed
615,100396,5,2026-01-04,12.06,Redeemed
616,100396,1,2026-02-28,71.93,Cancelled
617,100396,5,2026-03-01,37.89,Expired
618,100397,1,2026-01-15,67.33,Redeemed
619,100397,5,2026-02-14,63.31,Redeemed
620,100397,4,2026-02-15,46.15,Redeemed
621,100398,1,2026-01-10,23.02,Redeemed
622,100398,3,2026-03-15,54.03,Redeemed
623,100398,2,2026-03-18,28.86,Redeemed
624,100399,1,2026-01-09,65.34,Redeemed
625,100399,1,2026-02-28,99.06,Cancelled
626,100399,2,2026-03-09,56.95,Redeemed
627,100399,3,2026-03-20,138.03,Redeemed
628,100399,4,2026-03-26,36.0,Redeemed
629,100399,4,2026-03-28,121.0,Redeemed
630,100403,5,2026-02-04,18.99,Redeemed
631,100403,4,2026-02-19,5.56,Expired
632,100403,3,2026-03-13,14.38,Redeemed
633,100404,1,2026-01-05,45.72,Expired
634,100404,2,2026-02-10,22.8,Redeemed
635,100404,1,2026-03-11,104.39,Redeemed
636,100404,3,2026-03-19,219.22,Redeemed
637,100406,1,2026-01-08,177.36,Redeemed
638,100406,2,2026-01-17,60.88,Redeemed
639,100406,4,2026-01-25,42.12,Expired
640,100406,3,2026-02-09,57.93,Cancelled
641,100406,5,2026-02-12,22.32,Cancelled
642,100406,1,2026-02-14,17.99,Expired
643,100406,5,2026-02-18,141.09,Redeemed
644,100406,4,2026-02-22,57.12,Redeemed
645,100407,1,2026-02-15,10.07,Redeemed
646,100407,1,2026-03-28,29.37,Redeemed
647,100408,2,2026-01-19,24.67,Redeemed
648,100408,2,2026-03-12,26.14,Redeemed
649,100412,2,2026-01-24,17.22,Redeemed
650,100412,1,2026-01-29,8.62,Redeemed
651,100413,1,2026-01-22,60.05,Expired
652,100413,2,2026-03-14,28.25,Redeemed
653,100416,4,2026-01-08,14.8,Redeemed
654,100417,4,2026-02-06,36.34,Redeemed
655,100420,3,2026-01-22,24.9,Expired
656,100423,4,2026-01-04,29.04,Redeemed
657,100423,1,2026-01-08,10.99,Expired
658,100423,2,2026-01-25,37.22,Cancelled
659,100424,4,2026-02-03,6.32,Cancelled
660,100428,1,2026-03-20,20.06,Redeemed
661,100429,1,2026-01-17,7.37,Redeemed
662,100431,3,2026-01-16,10.42,Redeemed
663,100431,1,2026-02-07,5.0,Redeemed
664,100433,3,2026-01-14,26.49,Redeemed
665,100434,2,2026-02-11,30.64,Redeemed
666,100436,1,2026-01-12,23.35,Redeemed
667,100436,1,2026-03-03,5.32,Redeemed
668,100436,5,2026-03-20,10.54,Redeemed
669,100437,2,2026-01-07,144.42,Redeemed
670,100437,3,2026-01-17,103.33,Redeemed
671,100437,1,2026-02-03,201.79,Cancelled
672,100437,2,2026-02-07,260.23,Redeemed
673,100438,5,2026-01-09,5.0,Redeemed
674,100438,2,2026-01-17,9.67,Redeemed
675,100439,4,2026-02-01,9.36,Redeemed
676,100444,1,2026-01-11,18.37,Redeemed
677,100444,1,2026-01-17,271.47,Redeemed
678,100444,2,2026-02-01,160.11,Redeemed
679,100444,4,2026-02-22,93.41,Redeemed
680,100444,4,2026-03-05,92.85,Expired
681,100444,2,2026-03-19,87.41,Redeemed
682,100444,1,2026-03-24,94.66,Redeemed
683,100445,1,2026-03-10,12.59,Redeemed
684,100447,2,2026-02-21,21.65,Expired
685,100447,3,2026-03-06,21.8,Redeemed
686,100448,3,2026-01-24,21.78,Redeemed
687,100449,3,2026-03-30,61.47,Redeemed
688,100450,3,2026-01-25,28.87,Redeemed
689,100450,5,2026-02-05,13.25,Redeemed
690,100450,5,2026-02-14,9.7,Redeemed
691,100451,5,2026-03-13,63.0,Redeemed
692,100454,2,2026-01-06,32.18,Redeemed
693,100454,1,2026-02-03,5.49,Redeemed
694,100456,3,2026-02-05,12.28,Redeemed
695,100457,2,2026-02-12,5.0,Redeemed
696,100457,4,2026-02-12,59.58,Redeemed
697,100460,4,2026-02-21,17.26,Redeemed
698,100461,2,2026-01-29,7.41,Expired
699,100461,5,2026-03-02,13.45,Expired
700,100461,2,2026-03-07,51.73,Redeemed
701,100463,5,2026-01-23,62.87,Redeemed
702,100463,4,2026-02-16,139.52,Redeemed
703,100463,5,2026-02-17,26.7,Redeemed
704,100463,4,2026-03-20,66.41,Redeemed
705,100464,1,2026-02-27,27.97,Expired
706,100466,3,2026-01-19,11.93,Redeemed
707,100466,3,2026-02-02,24.32,Redeemed
708,100466,1,2026-02-02,17.67,Cancelled
709,100469,2,2026-01-26,64.93,Redeemed
710,100470,4,2026-03-30,22.05,Redeemed
711,100471,4,2026-01-14,11.83,Expired
712,100471,2,2026-02-03,6.67,Cancelled
713,100472,1,2026-01-29,45.9,Redeemed
714,100472,1,2026-02-08,15.26,Redeemed
715,100473,4,2026-01-11,30.13,Redeemed
716,100473,4,2026-03-19,10.4,Expired
717,100474,1,2026-02-10,11.53,Expired
718,100474,4,2026-03-20,28.98,Redeemed
719,100475,1,2026-02-15,5.0,Redeemed
720,100475,2,2026-03-02,11.21,Redeemed
721,100475,1,2026-03-12,41.91,Redeemed
722,100475,5,2026-03-18,13.71,Redeemed
723,100475,2,2026-03-25,34.77,Expired
724,100477,2,2026-01-04,16.93,Redeemed
725,100477,1,2026-01-21,36.6,Expired
726,100477,1,2026-02-03,7.5,Redeemed
727,100479,2,2026-01-09,5.97,Redeemed
728,100479,4,2026-03-06,24.02,Expired
729,100480,3,2026-03-19,5.0,Redeemed
730,100482,2,2026-01-20,19.49,Redeemed
731,100482,3,2026-02-15,27.91,Redeemed
732,100486,3,2026-01-22,18.31,Expired
733,100486,1,2026-02-16,10.71,Redeemed
734,100489,1,2026-03-13,44.96,Redeemed
735,100490,3,2026-01-05,6.31,Expired
736,100490,3,2026-02-22,19.22,Redeemed
737,100490,2,2026-02-28,53.46,Redeemed
738,100493,1,2026-01-02,12.16,Redeemed
739,100494,2,2026-01-15,45.0,Redeemed
740,100495,2,2026-02-19,24.52,Redeemed
741,100495,3,2026-03-16,47.82,Redeemed
742,100495,1,2026-03-18,18.32,Redeemed
743,100495,4,2026-03-18,27.48,Redeemed
744,100496,3,2026-02-08,18.09,Cancelled
745,100497,4,2026-03-19,11.42,Redeemed
746,100501,5,2026-01-20,38.74,Redeemed
747,100502,2,2026-01-03,78.99,Redeemed
748,100503,3,2026-01-18,53.59,Redeemed
749,100503,2,2026-02-04,43.23,Redeemed
750,100503,1,2026-03-18,33.14,Redeemed
751,100504,2,2026-02-14,24.65,Redeemed
752,100505,2,2026-01-07,29.42,Redeemed
753,100505,5,2026-02-09,54.49,Redeemed
754,100506,1,2026-01-23,5.67,Redeemed
755,100507,1,2026-01-03,167.33,Redeemed
756,100507,1,2026-01-11,23.42,Redeemed
757,100507,2,2026-02-04,81.37,Redeemed
758,100507,2,2026-02-20,141.0,Redeemed
759,100507,5,2026-02-27,148.35,Redeemed
760,100508,1,2026-02-02,51.67,Redeemed
761,100511,1,2026-01-14,41.8,Redeemed
762,100512,1,2026-01-03,19.73,Redeemed
763,100512,2,2026-02-27,9.81,Redeemed
764,100513,4,2026-02-21,11.68,Redeemed
765,100513,2,2026-03-02,32.26,Redeemed
766,100517,5,2026-01-04,40.98,Redeemed
767,100518,2,2026-01-06,34.55,Redeemed
768,100518,1,2026-01-10,21.96,Redeemed
769,100518,5,2026-02-25,15.96,Expired
770,100518,2,2026-03-17,11.69,Redeemed
771,100519,4,2026-03-01,18.27,Redeemed
772,100520,3,2026-03-08,14.93,Redeemed
773,100520,4,2026-03-20,26.63,Expired
774,100520,3,2026-03-29,5.69,Redeemed
775,100522,3,2026-01-28,5.0,Redeemed
776,100522,1,2026-02-09,5.0,Redeemed
777,100522,1,2026-02-20,15.34,Redeemed
778,100522,2,2026-03-01,97.07,Redeemed
779,100523,3,2026-03-06,17.98,Redeemed
780,100523,2,2026-03-09,5.0,Expired
781,100523,1,2026-03-13,33.55,Redeemed
782,100526,4,2026-02-19,15.95,Redeemed
783,100526,1,2026-02-24,16.19,Redeemed
784,100526,2,2026-03-01,5.0,Redeemed
785,100527,1,2026-01-07,44.26,Cancelled
786,100527,4,2026-02-05,27.39,Redeemed
787,100527,1,2026-02-17,22.56,Redeemed
788,100527,2,2026-02-27,5.05,Redeemed
789,100527,1,2026-03-30,13.28,Redeemed
790,100527,5,2026-03-30,15.58,Redeemed
791,100528,3,2026-01-05,16.52,Redeemed
792,100528,1,2026-01-05,91.31,Redeemed
793,100528,4,2026-01-06,134.56,Redeemed
794,100528,2,2026-01-09,224.13,Redeemed
795,100528,1,2026-01-20,37.21,Redeemed
796,100528,2,2026-02-07,197.23,Redeemed
797,100528,1,2026-02-14,44.14,Redeemed
798,100528,3,2026-02-23,130.16,Redeemed
799,100528,4,2026-03-14,110.11,Redeemed
800,100528,1,2026-03-18,149.32,Redeemed
801,100528,2,2026-03-20,170.4,Redeemed
802,100528,3,2026-03-29,71.42,Expired
803,100532,1,2026-01-08,29.62,Redeemed
804,100532,1,2026-02-17,29.16,Redeemed
805,100532,2,2026-03-07,48.31,Redeemed
806,100533,5,2026-01-29,5.5,Redeemed
807,100537,5,2026-01-14,9.72,Expired
808,100537,4,2026-01-19,85.46,Redeemed
809,100537,4,2026-02-13,24.45,Redeemed
810,100537,1,2026-02-17,43.95,Redeemed
811,100538,2,2026-01-26,5.0,Redeemed
812,100539,2,2026-02-14,112.18,Redeemed
813,100539,1,2026-02-16,280.03,Redeemed
814,100539,1,2026-02-23,270.85,Redeemed
815,100539,4,2026-03-16,74.7,Expired
816,100539,5,2026-03-24,60.42,Redeemed
817,100540,1,2026-01-06,12.21,Redeemed
818,100541,1,2026-01-25,19.97,Redeemed
819,100542,1,2026-02-05,28.52,Redeemed
820,100542,4,2026-03-15,40.09,Redeemed
821,100544,1,2026-02-14,10.77,Expired
822,100547,5,2026-02-06,44.96,Redeemed
823,100547,4,2026-02-06,28.57,Redeemed
824,100549,3,2026-02-12,24.04,Redeemed
825,100550,3,2026-02-01,5.0,Redeemed
826,100550,4,2026-02-10,16.67,Redeemed
827,100550,2,2026-02-24,25.34,Expired
828,100551,3,2026-01-10,14.4,Redeemed
829,100553,1,2026-01-05,24.56,Expired
830,100553,3,2026-01-30,21.61,Expired
831,100554,1,2026-01-18,41.31,Redeemed
832,100555,1,2026-02-08,5.0,Redeemed
833,100556,4,2026-03-19,10.97,Redeemed
834,100559,1,2026-01-26,29.62,Cancelled
835,100559,2,2026-02-15,25.24,Redeemed
836,100560,4,2026-01-10,48.34,Redeemed
837,100560,3,2026-01-20,12.4,Redeemed
838,100560,1,2026-01-25,21.95,Redeemed
839,100560,3,2026-01-28,17.48,Redeemed
840,100560,5,2026-02-11,9.45,Redeemed
841,100562,5,2026-01-27,17.71,Expired
842,100564,1,2026-01-15,52.43,Redeemed
843,100564,1,2026-01-18,28.31,Redeemed
844,100564,4,2026-02-01,87.97,Redeemed
845,100564,2,2026-02-17,152.19,Redeemed
846,100564,1,2026-02-20,78.06,Redeemed
847,100564,2,2026-02-27,181.59,Redeemed
848,100564,1,2026-03-04,37.66,Expired
849,100564,1,2026-03-07,224.82,Redeemed
850,100564,5,2026-03-16,241.63,Expired
851,100564,1,2026-03-31,180.08,Redeemed
852,100565,2,2026-02-04,37.02,Redeemed
853,100565,3,2026-02-08,29.56,Redeemed
854,100567,2,2026-02-16,26.32,Redeemed
855,100567,4,2026-02-19,5.95,Cancelled
856,100567,1,2026-02-22,14.57,Redeemed
857,100568,1,2026-03-01,40.65,Redeemed
858,100568,3,2026-03-18,18.72,Redeemed
859,100569,1,2026-01-27,64.12,Redeemed
860,100569,1,2026-03-27,25.58,Redeemed
861,100570,2,2026-01-02,38.28,Redeemed
862,100570,1,2026-01-07,10.61,Expired
863,100570,3,2026-01-29,24.73,Expired
864,100572,4,2026-01-04,31.57,Redeemed
865,100572,1,2026-03-27,11.14,Expired
866,100573,4,2026-01-27,29.31,Redeemed
867,100573,2,2026-02-22,18.14,Redeemed
868,100573,3,2026-02-22,43.44,Expired
869,100574,1,2026-01-16,18.84,Redeemed
870,100576,2,2026-01-06,12.91,Redeemed
871,100576,1,2026-03-15,11.37,Redeemed
872,100576,2,2026-03-15,33.8,Redeemed
873,100577,1,2026-01-01,22.98,Redeemed
874,100577,2,2026-01-06,14.88,Redeemed
875,100580,5,2026-01-05,35.78,Redeemed
876,100580,5,2026-01-15,53.02,Redeemed
877,100580,4,2026-01-21,220.46,Expired
878,100580,3,2026-01-23,63.43,Redeemed
879,100580,1,2026-02-21,80.14,Redeemed
880,100580,2,2026-03-01,27.06,Redeemed
881,100580,5,2026-03-22,21.59,Redeemed
882,100580,2,2026-03-27,217.25,Expired
883,100581,1,2026-02-27,26.71,Redeemed
884,100582,4,2026-02-07,16.52,Expired
885,100582,2,2026-02-15,13.37,Redeemed
886,100583,1,2026-03-24,25.42,Redeemed
887,100583,5,2026-03-31,11.9,Redeemed
888,100585,1,2026-01-25,6.25,Expired
889,100586,2,2026-01-05,342.13,Redeemed
890,100586,2,2026-01-10,43.27,Redeemed
891,100586,4,2026-01-11,135.25,Expired
892,100586,2,2026-02-22,244.0,Redeemed
893,100586,1,2026-03-10,105.27,Redeemed
894,100586,1,2026-03-18,61.66,Expired
895,100587,1,2026-02-22,27.13,Redeemed
896,100589,3,2026-01-29,26.07,Redeemed
897,100589,1,2026-02-19,23.83,Expired
898,100590,4,2026-02-16,28.34,Redeemed
899,100590,1,2026-03-04,60.09,Redeemed
900,100591,2,2026-02-08,34.95,Redeemed
901,100592,4,2026-01-23,30.08,Expired
902,100592,2,2026-01-29,19.34,Redeemed
903,100592,5,2026-02-07,5.0,Redeemed
904,100592,1,2026-03-09,27.87,Redeemed
905,100593,1,2026-01-02,21.31,Redeemed
906,100596,4,2026-01-03,16.98,Expired
907,100596,5,2026-01-04,15.97,Expired
908,100596,3,2026-03-08,39.09,Redeemed
909,100596,2,2026-03-14,11.98,Expired
910,100597,1,2026-03-30,33.52,Cancelled
911,100599,1,2026-01-02,27.66,Redeemed
912,100599,4,2026-03-04,17.92,Expired
913,100600,4,2026-01-12,5.0,Expired
914,100600,4,2026-01-19,34.0,Redeemed
915,100605,1,2026-02-01,34.9,Expired
916,100606,2,2026-03-05,26.28,Redeemed
917,100609,5,2026-01-04,12.08,Expired
918,100610,1,2026-02-10,17.48,Redeemed
919,100613,1,2026-03-02,29.98,Redeemed
920,100614,2,2026-02-28,44.83,Redeemed
921,100615,2,2026-01-06,5.0,Redeemed
922,100615,3,2026-01-16,54.88,Redeemed
923,100615,2,2026-02-05,45.66,Expired
924,100616,1,2026-01-05,5.6,Redeemed
925,100616,1,2026-01-14,22.62,Redeemed
926,100617,2,2026-02-15,5.0,Redeemed
927,100619,1,2026-01-03,34.7,Redeemed
928,100620,2,2026-01-01,47.01,Redeemed
929,100620,3,2026-01-11,91.26,Redeemed
930,100620,2,2026-01-27,15.62,Redeemed
931,100620,2,2026-02-01,9.23,Redeemed
932,100620,2,2026-03-07,30.24,Redeemed
933,100620,4,2026-03-24,6.01,Redeemed
934,100620,1,2026-03-29,10.1,Redeemed
935,100622,2,2026-03-10,33.9,Expired
936,100626,1,2026-01-18,5.0,Expired
937,100628,2,2026-01-08,52.59,Redeemed
938,100628,5,2026-02-10,9.23,Expired
939,100630,3,2026-03-03,13.13,Redeemed
940,100632,1,2026-03-17,29.03,Expired
941,100635,3,2026-02-20,11.01,Expired
942,100635,1,2026-02-24,17.44,Redeemed
943,100637,4,2026-03-20,23.07,Cancelled
944,100638,1,2026-02-18,48.76,Redeemed
945,100638,2,2026-02-21,34.26,Expired
946,100638,1,2026-03-12,29.06,Redeemed
947,100638,4,2026-03-19,75.89,Redeemed
948,100638,2,2026-03-20,49.66,Redeemed
949,100638,1,2026-03-21,357.95,Expired
950,100640,2,2026-01-03,95.12,Redeemed
951,100642,3,2026-02-24,24.3,Redeemed
952,100642,1,2026-02-28,163.54,Redeemed
953,100642,1,2026-03-03,63.03,Redeemed
954,100642,2,2026-03-05,146.39,Redeemed
955,100642,1,2026-03-18,92.17,Expired
956,100642,1,2026-03-22,70.56,Expired
957,100642,1,2026-03-24,44.88,Redeemed
958,100643,1,2026-01-04,17.89,Redeemed
959,100644,4,2026-01-20,35.03,Redeemed
960,100644,2,2026-03-07,23.11,Redeemed
961,100645,2,2026-01-29,24.59,Redeemed
962,100645,5,2026-01-29,15.66,Expired
963,100647,3,2026-02-13,5.0,Redeemed
964,100650,4,2026-01-30,11.43,Redeemed
965,100652,1,2026-01-15,14.92,Redeemed
966,100652,1,2026-01-15,97.32,Redeemed
967,100652,3,2026-02-20,9.73,Redeemed
968,100653,1,2026-02-21,10.94,Redeemed
969,100654,2,2026-02-25,30.98,Redeemed
970,100655,1,2026-01-04,50.46,Redeemed
971,100655,5,2026-01-25,8.18,Redeemed
972,100656,5,2026-01-08,176.25,Redeemed
973,100656,2,2026-01-09,36.36,Redeemed
974,100656,1,2026-01-10,88.15,Redeemed
975,100656,3,2026-01-31,111.67,Redeemed
976,100656,1,2026-02-03,112.79,Expired
977,100656,3,2026-02-16,179.08,Redeemed
978,100656,4,2026-03-05,87.14,Redeemed
979,100656,4,2026-03-22,40.69,Expired
980,100656,1,2026-03-31,48.19,Redeemed
981,100658,3,2026-03-06,16.61,Expired
982,100660,1,2026-01-04,76.71,Expired
983,100660,1,2026-01-09,61.77,Redeemed
984,100660,1,2026-01-16,35.8,Expired
985,100660,3,2026-01-20,41.61,Redeemed
986,100660,3,2026-01-22,106.94,Redeemed
987,100660,5,2026-02-05,46.81,Redeemed
988,100660,3,2026-02-06,133.59,Redeemed
989,100663,2,2026-01-01,48.0,Redeemed
990,100663,1,2026-01-03,55.33,Redeemed
991,100663,4,2026-02-09,19.78,Redeemed
992,100667,2,2026-02-18,19.34,Redeemed
993,100668,1,2026-01-04,61.67,Redeemed
994,100668,2,2026-01-07,39.72,Expired
995,100668,1,2026-02-02,74.86,Cancelled
996,100668,4,2026-03-27,75.34,Redeemed
997,100668,1,2026-03-29,78.65,Redeemed
998,100670,3,2026-01-18,17.8,Redeemed
999,100670,2,2026-01-28,5.0,Redeemed
1000,100672,3,2026-01-21,32.96,Redeemed
1001,100672,4,2026-02-05,5.87,Redeemed
1002,100674,2,2026-02-28,34.63,Redeemed
1003,100675,3,2026-01-08,11.87,Redeemed
1004,100675,1,2026-01-21,47.54,Redeemed
1005,100676,3,2026-02-22,21.44,Redeemed
1006,100676,2,2026-03-26,9.44,Redeemed
1007,100677,1,2026-01-08,7.97,Redeemed
1008,100677,3,2026-01-12,27.58,Expired
1009,100677,1,2026-01-15,14.77,Redeemed
1010,100677,4,2026-01-21,40.82,Expired
1011,100677,4,2026-01-28,6.02,Redeemed
1012,100680,3,2026-02-18,16.99,Redeemed
1013,100680,5,2026-03-15,54.44,Expired
1014,100683,1,2026-03-08,26.48,Redeemed
1015,100683,1,2026-03-19,35.76,Redeemed
1016,100683,2,2026-03-19,19.79,Redeemed
1017,100684,1,2026-01-08,29.68,Redeemed
1018,100684,5,2026-01-14,46.58,Redeemed
1019,100684,3,2026-02-09,42.57,Redeemed
1020,100684,2,2026-03-22,9.94,Redeemed
1021,100688,4,2026-01-31,9.55,Redeemed
1022,100688,1,2026-03-30,17.48,Redeemed
1023,100689,5,2026-03-07,23.46,Expired
1024,100691,4,2026-02-20,26.87,Redeemed
1025,100691,2,2026-03-16,17.26,Expired
1026,100692,1,2026-01-07,189.97,Redeemed
1027,100692,2,2026-01-23,89.19,Expired
1028,100692,1,2026-01-29,151.3,Redeemed
1029,100692,1,2026-01-31,51.87,Redeemed
1030,100692,4,2026-02-03,84.43,Redeemed
1031,100692,4,2026-02-17,41.17,Redeemed
1032,100692,1,2026-02-18,26.75,Redeemed
1033,100694,4,2026-02-07,13.19,Expired
1034,100694,2,2026-03-06,15.51,Redeemed
1035,100696,2,2026-01-16,77.37,Redeemed
1036,100696,1,2026-02-08,7.38,Redeemed
1037,100696,5,2026-02-11,33.58,Expired
1038,100697,5,2026-01-22,42.11,Redeemed
1039,100697,1,2026-02-04,65.28,Expired
1040,100697,4,2026-02-11,102.23,Expired
1041,100697,2,2026-03-05,90.28,Redeemed
1042,100697,2,2026-03-30,63.41,Redeemed
1043,100698,2,2026-02-19,21.5,Redeemed
1044,100700,3,2026-02-24,31.6,Redeemed
1045,100702,2,2026-01-26,27.85,Redeemed
1046,100702,5,2026-03-18,5.0,Redeemed
1047,100702,4,2026-03-28,16.19,Redeemed
1048,100703,3,2026-01-22,38.89,Redeemed
1049,100703,2,2026-02-04,26.36,Redeemed
1050,100703,3,2026-02-11,6.68,Redeemed
1051,100703,1,2026-02-11,16.33,Redeemed
1052,100704,4,2026-03-29,5.0,Expired
1053,100706,2,2026-01-30,14.36,Redeemed
1054,100707,1,2026-01-30,11.16,Redeemed
1055,100707,2,2026-03-22,14.66,Redeemed
1056,100712,3,2026-02-25,29.68,Redeemed
1057,100713,2,2026-01-07,24.92,Redeemed
1058,100713,1,2026-01-07,19.33,Redeemed
1059,100715,2,2026-02-18,14.88,Redeemed
1060,100715,2,2026-02-24,16.23,Redeemed
1061,100715,2,2026-02-24,8.65,Redeemed
1062,100716,5,2026-01-14,57.04,Redeemed
1063,100716,3,2026-03-02,13.98,Redeemed
1064,100718,4,2026-03-18,26.22,Expired
1065,100719,1,2026-03-04,33.61,Redeemed
1066,100724,4,2026-02-28,20.61,Redeemed
1067,100726,4,2026-02-24,13.77,Redeemed
1068,100726,1,2026-03-20,24.58,Cancelled
1069,100728,1,2026-01-15,54.07,Redeemed
1070,100728,5,2026-01-23,13.73,Redeemed
1071,100728,1,2026-02-10,15.55,Redeemed
1072,100729,2,2026-01-11,93.85,Redeemed
1073,100729,1,2026-01-24,95.07,Expired
1074,100729,5,2026-02-03,96.62,Redeemed
1075,100729,1,2026-02-12,108.76,Redeemed
1076,100729,1,2026-02-16,147.82,Redeemed
1077,100729,3,2026-02-17,109.98,Redeemed
1078,100730,2,2026-02-06,8.44,Redeemed
1079,100730,3,2026-02-18,16.96,Redeemed
1080,100731,1,2026-02-08,25.56,Redeemed
1081,100732,2,2026-01-01,6.19,Redeemed
1082,100732,4,2026-01-15,28.52,Redeemed
1083,100732,1,2026-01-21,20.27,Redeemed
1084,100733,1,2026-01-11,20.89,Expired
1085,100733,2,2026-01-13,8.34,Redeemed
1086,100735,2,2026-03-20,36.05,Redeemed
1087,100736,4,2026-01-09,22.98,Redeemed
1088,100736,3,2026-03-13,5.1,Redeemed
1089,100737,1,2026-02-21,60.81,Redeemed
1090,100738,5,2026-01-30,12.54,Expired
1091,100739,1,2026-03-22,23.99,Redeemed
1092,100740,1,2026-02-28,7.69,Redeemed
1093,100740,2,2026-03-28,17.65,Redeemed
1094,100742,2,2026-01-11,5.0,Redeemed
1095,100742,1,2026-03-02,5.0,Redeemed
1096,100743,2,2026-02-02,20.32,Redeemed
1097,100744,2,2026-01-18,36.65,Redeemed
1098,100744,1,2026-03-31,38.11,Redeemed
1099,100747,3,2026-02-05,31.44,Redeemed
1100,100749,3,2026-02-07,5.0,Redeemed
1101,100749,1,2026-02-19,24.71,Redeemed
1102,100751,2,2026-02-24,5.0,Redeemed
1103,100752,1,2026-01-28,94.08,Redeemed
1104,100754,2,2026-03-04,24.39,Redeemed
1105,100755,3,2026-02-23,5.0,Redeemed
1106,100757,3,2026-01-04,18.0,Redeemed
1107,100764,2,2026-03-21,10.18,Redeemed
1108,100765,2,2026-03-12,9.38,Expired
1109,100766,2,2026-01-29,22.04,Redeemed
1110,100767,1,2026-01-14,41.57,Redeemed
1111,100767,1,2026-03-11,13.01,Redeemed
1112,100767,3,2026-03-16,20.19,Redeemed
1113,100767,3,2026-03-26,8.51,Redeemed
1114,100772,1,2026-01-11,9.62,Redeemed
1115,100772,1,2026-02-11,15.09,Redeemed
1116,100775,2,2026-03-19,52.1,Redeemed
1117,100775,4,2026-03-21,25.46,Redeemed
1118,100776,3,2026-01-13,67.41,Redeemed
1119,100779,1,2026-02-19,11.66,Expired
1120,100779,3,2026-02-24,21.49,Expired
1121,100779,1,2026-02-25,18.65,Redeemed
1122,100779,1,2026-03-17,8.61,Redeemed
1123,100780,1,2026-02-04,43.24,Redeemed
1124,100781,3,2026-01-10,37.73,Redeemed
1125,100781,1,2026-02-04,30.62,Redeemed
1126,100781,1,2026-03-05,27.11,Redeemed
1127,100782,1,2026-02-12,56.16,Expired
1128,100782,1,2026-03-26,35.68,Redeemed
1129,100783,4,2026-02-08,84.51,Redeemed
1130,100785,3,2026-01-22,8.05,Redeemed
1131,100787,3,2026-02-14,25.48,Redeemed
1132,100787,1,2026-03-07,56.48,Redeemed
1133,100788,1,2026-02-14,60.16,Redeemed
1134,100789,2,2026-01-13,21.81,Redeemed
1135,100789,4,2026-01-26,26.7,Redeemed
1136,100792,3,2026-01-05,46.24,Redeemed
1137,100793,1,2026-01-03,28.92,Redeemed
1138,100793,4,2026-01-05,39.97,Cancelled
1139,100793,3,2026-01-23,89.39,Redeemed
1140,100793,1,2026-02-25,33.75,Redeemed
1141,100793,4,2026-03-02,30.05,Redeemed
1142,100793,2,2026-03-07,42.33,Redeemed
1143,100793,2,2026-03-18,61.27,Cancelled
1144,100793,1,2026-03-24,33.26,Redeemed
1145,100793,2,2026-03-26,61.19,Redeemed
1146,100795,4,2026-01-23,23.57,Redeemed
1147,100796,1,2026-01-20,18.19,Expired
1148,100798,1,2026-02-06,6.2,Redeemed
1149,100798,2,2026-03-21,13.9,Redeemed
1150,100799,2,2026-02-15,13.64,Expired
1151,100799,4,2026-02-16,10.97,Expired
1152,100802,2,2026-02-13,37.73,Redeemed
1153,100802,5,2026-02-15,42.68,Redeemed
1154,100802,2,2026-02-17,28.41,Redeemed
1155,100804,1,2026-01-01,5.0,Redeemed
1156,100804,1,2026-01-11,48.85,Redeemed
1157,100805,4,2026-01-09,5.88,Redeemed
1158,100805,4,2026-01-30,55.24,Redeemed
1159,100805,1,2026-02-07,23.05,Redeemed
1160,100805,1,2026-02-07,5.0,Redeemed
1161,100806,1,2026-02-21,5.0,Redeemed
1162,100807,1,2026-01-22,13.26,Cancelled
1163,100807,1,2026-01-25,39.22,Redeemed
1164,100807,2,2026-02-15,24.39,Redeemed
1165,100808,1,2026-01-10,10.14,Redeemed
1166,100811,1,2026-03-02,49.0,Expired
1167,100811,3,2026-03-31,10.16,Redeemed
1168,100812,3,2026-03-06,11.97,Redeemed
1169,100813,1,2026-03-14,21.45,Redeemed
1170,100814,1,2026-01-26,5.0,Expired
1171,100817,1,2026-01-13,6.78,Redeemed
1172,100818,5,2026-01-02,12.3,Redeemed
1173,100818,5,2026-01-14,23.78,Expired
1174,100818,2,2026-01-24,34.22,Redeemed
1175,100818,4,2026-01-26,6.04,Redeemed
1176,100818,2,2026-01-31,6.33,Redeemed
1177,100819,2,2026-01-21,51.52,Redeemed
1178,100819,2,2026-01-25,5.0,Expired
1179,100819,3,2026-03-08,25.17,Redeemed
1180,100820,3,2026-03-19,15.48,Redeemed
1181,100820,5,2026-03-20,20.62,Expired
1182,100821,1,2026-02-19,24.6,Redeemed
1183,100825,2,2026-01-01,9.33,Expired
1184,100825,3,2026-01-26,43.61,Redeemed
1185,100825,1,2026-02-01,10.79,Expired
1186,100826,2,2026-01-13,5.0,Redeemed
1187,100826,5,2026-03-09,26.08,Expired
1188,100832,1,2026-02-03,15.07,Redeemed
1189,100832,1,2026-02-08,14.01,Redeemed
1190,100832,3,2026-03-15,31.29,Redeemed
1191,100834,1,2026-03-14,22.87,Redeemed
1192,100836,3,2026-02-19,74.76,Redeemed
1193,100837,2,2026-03-01,10.64,Redeemed
1194,100838,4,2026-01-13,166.81,Redeemed
1195,100838,1,2026-01-21,79.97,Redeemed
1196,100838,2,2026-02-04,108.01,Redeemed
1197,100838,3,2026-02-05,21.51,Redeemed
1198,100838,2,2026-02-10,59.52,Redeemed
1199,100838,2,2026-02-17,60.64,Expired
1200,100838,3,2026-02-22,28.82,Redeemed
1201,100838,1,2026-02-24,21.82,Redeemed
1202,100838,4,2026-02-27,302.1,Expired
1203,100838,4,2026-03-01,87.89,Redeemed
1204,100838,1,2026-03-13,56.78,Redeemed
1205,100838,3,2026-03-20,159.82,Expired
1206,100838,2,2026-03-30,77.51,Redeemed
1207,100839,1,2026-01-25,7.67,Redeemed
1208,100839,2,2026-03-28,43.63,Redeemed
1209,100842,3,2026-02-24,11.98,Redeemed
1210,100842,3,2026-03-14,31.71,Redeemed
1211,100843,1,2026-03-08,5.0,Redeemed
1212,100844,1,2026-02-17,19.5,Redeemed
1213,100844,1,2026-03-21,5.0,Expired
1214,100845,3,2026-02-13,21.9,Redeemed
1215,100846,2,2026-02-11,26.8,Redeemed
1216,100847,2,2026-03-09,54.46,Redeemed
1217,100848,3,2026-01-23,63.17,Redeemed
1218,100849,3,2026-02-19,22.28,Redeemed
1219,100849,3,2026-02-27,7.76,Redeemed
1220,100849,5,2026-03-03,28.72,Redeemed
1221,100850,1,2026-01-31,5.0,Redeemed
1222,100851,3,2026-02-26,34.76,Redeemed
1223,100852,2,2026-01-05,56.19,Redeemed
1224,100852,3,2026-02-13,30.34,Redeemed
1225,100852,1,2026-03-14,17.06,Cancelled
1226,100856,3,2026-02-12,46.15,Expired
1227,100857,4,2026-01-11,20.96,Redeemed
1228,100857,2,2026-01-20,6.34,Expired
1229,100857,3,2026-02-18,5.0,Cancelled
1230,100857,5,2026-02-18,29.41,Expired
1231,100858,3,2026-01-31,23.53,Redeemed
1232,100858,1,2026-02-27,7.47,Redeemed
1233,100860,3,2026-01-25,38.7,Redeemed
1234,100860,5,2026-03-19,19.15,Redeemed
1235,100861,1,2026-01-08,13.05,Redeemed
1236,100862,1,2026-02-12,5.0,Redeemed
1237,100862,1,2026-02-13,63.46,Redeemed
1238,100863,3,2026-01-28,21.52,Expired
1239,100865,2,2026-01-15,17.77,Redeemed
1240,100866,1,2026-03-09,47.09,Redeemed
1241,100867,2,2026-01-22,50.54,Redeemed
1242,100868,2,2026-02-12,50.85,Expired
1243,100868,1,2026-02-27,33.18,Expired
1244,100870,1,2026-01-13,7.29,Redeemed
1245,100870,1,2026-01-23,9.92,Redeemed
1246,100871,4,2026-01-24,13.21,Redeemed
1247,100872,4,2026-01-19,5.81,Redeemed
1248,100872,1,2026-02-01,14.96,Redeemed
1249,100872,3,2026-02-22,49.19,Redeemed
1250,100873,1,2026-03-13,31.39,Redeemed
1251,100873,4,2026-03-17,5.0,Redeemed
1252,100874,3,2026-02-07,29.95,Redeemed
1253,100874,5,2026-02-26,9.77,Redeemed
1254,100874,1,2026-03-15,31.03,Redeemed
1255,100874,1,2026-03-15,10.21,Cancelled
1256,100874,4,2026-03-24,51.04,Redeemed
1257,100875,1,2026-03-23,30.21,Redeemed
1258,100876,1,2026-02-17,87.15,Redeemed
1259,100876,1,2026-03-04,24.73,Redeemed
1260,100876,4,2026-03-15,8.94,Redeemed
1261,100876,2,2026-03-18,23.94,Redeemed
1262,100879,1,2026-02-07,10.35,Redeemed
1263,100879,1,2026-02-12,41.17,Redeemed
1264,100880,4,2026-01-14,46.62,Redeemed
1265,100881,2,2026-01-18,14.99,Redeemed
1266,100881,1,2026-03-13,53.6,Redeemed
1267,100881,3,2026-03-25,5.0,Expired
1268,100883,1,2026-01-21,64.86,Expired
1269,100883,4,2026-02-11,5.86,Redeemed
1270,100883,1,2026-03-03,15.65,Expired
1271,100884,1,2026-02-03,8.34,Redeemed
1272,100884,2,2026-02-10,12.73,Redeemed
1273,100888,3,2026-01-01,17.41,Redeemed
1274,100888,2,2026-02-23,24.24,Redeemed
1275,100888,1,2026-03-20,7.97,Redeemed
1276,100889,2,2026-01-10,5.89,Expired
1277,100889,5,2026-03-16,25.19,Cancelled
1278,100889,1,2026-03-16,5.0,Cancelled
1279,100889,1,2026-03-28,19.76,Redeemed
1280,100890,2,2026-01-08,10.22,Redeemed
1281,100890,1,2026-02-22,10.05,Cancelled
1282,100892,2,2026-02-19,24.17,Redeemed
1283,100892,2,2026-03-10,13.75,Cancelled
1284,100894,1,2026-01-05,9.28,Redeemed
1285,100894,2,2026-02-01,30.2,Redeemed
1286,100895,4,2026-01-07,233.37,Redeemed
1287,100895,3,2026-01-13,113.45,Redeemed
1288,100895,4,2026-01-15,64.76,Redeemed
1289,100895,1,2026-01-18,88.36,Redeemed
1290,100895,1,2026-01-29,52.23,Redeemed
1291,100895,1,2026-01-30,122.68,Redeemed
1292,100895,5,2026-03-02,150.26,Expired
1293,100895,4,2026-03-02,95.86,Redeemed
1294,100895,2,2026-03-03,21.64,Redeemed
1295,100896,3,2026-01-16,25.03,Cancelled
1296,100900,2,2026-01-25,11.35,Redeemed
1297,100900,5,2026-02-04,6.85,Redeemed
1298,100902,1,2026-01-08,31.04,Redeemed
1299,100902,4,2026-01-09,25.69,Redeemed
1300,100902,4,2026-01-15,133.76,Redeemed
1301,100902,5,2026-01-21,95.76,Redeemed
1302,100902,5,2026-01-21,169.65,Redeemed
1303,100902,4,2026-01-23,51.04,Expired
1304,100902,5,2026-01-28,216.63,Redeemed
1305,100902,1,2026-01-29,112.86,Redeemed
1306,100902,4,2026-02-03,20.86,Redeemed
1307,100902,4,2026-02-12,80.27,Redeemed
1308,100902,4,2026-02-13,78.7,Redeemed
1309,100904,4,2026-01-06,29.52,Redeemed
1310,100904,2,2026-01-27,49.35,Cancelled
1311,100905,5,2026-02-22,12.79,Redeemed
1312,100907,5,2026-02-07,42.78,Expired
1313,100910,2,2026-01-09,27.54,Redeemed
1314,100910,4,2026-01-22,30.83,Redeemed
1315,100910,1,2026-03-04,21.89,Redeemed
1316,100913,4,2026-03-29,11.92,Redeemed
1317,100914,4,2026-02-28,16.74,Expired
1318,100916,4,2026-03-11,23.21,Redeemed
1319,100916,5,2026-03-13,21.21,Expired
1320,100917,2,2026-02-12,21.89,Redeemed
1321,100917,1,2026-02-18,33.48,Redeemed
1322,100918,1,2026-01-09,53.04,Redeemed
1323,100919,2,2026-02-24,70.72,Expired
1324,100919,1,2026-03-10,5.0,Redeemed
1325,100919,4,2026-03-20,46.65,Redeemed
1326,100920,2,2026-01-21,27.37,Redeemed
1327,100920,5,2026-01-22,16.04,Redeemed
1328,100920,3,2026-02-06,76.15,Expired
1329,100920,1,2026-03-14,6.07,Redeemed
1330,100921,2,2026-02-20,7.08,Redeemed
1331,100921,2,2026-03-01,56.29,Redeemed
1332,100922,1,2026-03-27,17.14,Redeemed
1333,100922,5,2026-03-28,11.56,Cancelled
1334,100924,2,2026-02-06,20.67,Redeemed
1335,100925,2,2026-02-08,15.4,Redeemed
1336,100926,4,2026-01-04,18.69,Redeemed
1337,100926,4,2026-01-25,21.38,Expired
1338,100926,1,2026-02-16,13.34,Redeemed
1339,100928,4,2026-02-19,23.4,Redeemed
1340,100929,3,2026-03-11,25.78,Cancelled
1341,100931,5,2026-02-18,6.59,Redeemed
1342,100935,2,2026-01-14,46.96,Redeemed
1343,100935,4,2026-02-05,50.57,Expired
1344,100935,1,2026-03-03,14.82,Cancelled
1345,100935,4,2026-03-12,15.33,Expired
1346,100936,2,2026-01-05,54.16,Redeemed
1347,100936,3,2026-01-14,9.39,Redeemed
1348,100936,4,2026-01-21,8.0,Redeemed
1349,100936,1,2026-02-11,14.04,Expired
1350,100937,1,2026-01-03,9.29,Expired
1351,100937,4,2026-02-11,19.96,Redeemed
1352,100937,2,2026-02-11,33.86,Redeemed
1353,100939,5,2026-01-11,47.93,Cancelled
1354,100939,2,2026-01-19,9.1,Expired
1355,100939,2,2026-03-07,30.01,Redeemed
1356,100940,1,2026-02-03,16.3,Redeemed
1357,100942,5,2026-03-03,58.12,Redeemed
1358,100943,2,2026-01-05,34.32,Redeemed
1359,100943,1,2026-01-23,10.3,Redeemed
1360,100943,4,2026-02-13,41.65,Redeemed
1361,100947,5,2026-02-03,12.17,Redeemed
1362,100950,5,2026-02-16,9.63,Expired
1363,100955,4,2026-03-28,26.93,Redeemed
1364,100957,3,2026-02-20,18.83,Redeemed
1365,100958,1,2026-02-19,24.97,Redeemed
1366,100958,4,2026-02-28,50.89,Redeemed
1367,100959,1,2026-01-27,29.29,Redeemed
1368,100959,2,2026-02-21,27.74,Redeemed
1369,100959,4,2026-02-28,7.64,Redeemed
1370,100959,1,2026-03-20,22.13,Redeemed
1371,100959,4,2026-03-25,5.0,Redeemed
1372,100960,4,2026-02-21,7.57,Redeemed
1373,100961,2,2026-01-04,12.96,Redeemed
1374,100963,4,2026-02-18,8.27,Redeemed
1375,100970,1,2026-03-23,54.17,Cancelled
1376,100971,1,2026-02-10,46.07,Cancelled
1377,100973,3,2026-02-23,14.58,Expired
1378,100974,1,2026-01-06,73.67,Expired
1379,100974,4,2026-02-17,18.1,Redeemed
1380,100975,3,2026-01-12,47.09,Redeemed
1381,100975,1,2026-03-09,20.56,Redeemed
1382,100975,2,2026-03-31,23.26,Redeemed
1383,100976,4,2026-01-16,31.5,Redeemed
1384,100976,4,2026-02-03,11.58,Expired
1385,100976,1,2026-03-05,11.59,Expired
1386,100976,3,2026-03-16,22.67,Redeemed
1387,100976,2,2026-03-23,13.18,Expired
1388,100977,1,2026-01-28,23.15,Redeemed
1389,100977,5,2026-02-05,60.0,Redeemed
1390,100977,2,2026-02-06,15.17,Expired
1391,100978,5,2026-03-07,9.25,Redeemed
1392,100978,1,2026-03-15,28.85,Redeemed
1393,100979,1,2026-03-06,31.46,Redeemed
1394,100980,2,2026-01-05,20.66,Redeemed
1395,100981,5,2026-01-20,28.82,Redeemed
1396,100984,2,2026-01-21,8.51,Redeemed
1397,100985,1,2026-02-05,15.73,Expired
1398,100986,3,2026-01-31,24.3,Redeemed
1399,100986,4,2026-02-05,8.26,Redeemed
1400,100986,1,2026-03-13,5.0,Redeemed
1401,100987,5,2026-01-30,8.45,Redeemed
1402,100988,2,2026-02-26,19.43,Cancelled
1403,100988,4,2026-02-26,6.92,Redeemed
1404,100991,3,2026-02-05,25.03,Expired
1405,100991,1,2026-03-31,5.32,Redeemed
1406,100992,3,2026-01-07,18.3,Redeemed
1407,100992,2,2026-01-11,26.16,Redeemed
1408,100992,3,2026-02-09,35.63,Cancelled
1409,100992,1,2026-02-10,64.48,Redeemed
1410,100994,3,2026-01-11,17.83,Redeemed
1411,100996,1,2026-01-15,33.41,Redeemed
1412,100996,2,2026-01-19,29.88,Redeemed
1413,100996,2,2026-01-30,27.1,Redeemed
1414,100996,4,2026-02-04,198.46,Expired
1415,100996,2,2026-02-11,48.84,Redeemed
1416,100996,4,2026-03-05,102.94,Redeemed
1417,101000,3,2026-01-27,5.0,Redeemed
1418,101002,1,2026-03-17,11.97,Redeemed
1419,101003,1,2026-01-02,77.85,Redeemed
1420,101003,2,2026-01-08,103.34,Redeemed
1421,101003,4,2026-01-08,86.53,Redeemed
1422,101003,3,2026-01-12,60.3,Redeemed
1423,101003,2,2026-01-17,24.22,Cancelled
1424,101003,2,2026-01-22,60.44,Redeemed
1425,101003,4,2026-02-08,114.51,Redeemed
1426,101003,2,2026-03-07,227.75,Redeemed
1427,101003,5,2026-03-10,184.62,Redeemed
1428,101003,2,2026-03-16,148.26,Redeemed
1429,101003,4,2026-03-31,85.46,Expired
1430,101005,1,2026-01-25,38.59,Redeemed
1431,101005,2,2026-02-11,20.7,Redeemed
1432,101005,3,2026-02-18,13.98,Expired
1433,101005,1,2026-03-24,24.22,Expired
1434,101006,4,2026-01-28,54.3,Redeemed
1435,101006,5,2026-02-28,41.93,Redeemed
1436,101006,3,2026-03-24,17.79,Redeemed
1437,101006,2,2026-03-26,27.5,Expired
1438,101006,3,2026-03-31,24.71,Redeemed
1439,101007,1,2026-02-24,34.32,Redeemed
1440,101009,5,2026-01-21,34.56,Redeemed
1441,101010,5,2026-01-09,34.62,Redeemed
1442,101014,2,2026-02-18,5.0,Expired
1443,101014,4,2026-03-14,24.91,Expired
1444,101014,2,2026-03-20,50.69,Redeemed
1445,101015,4,2026-02-22,5.0,Expired
1446,101016,1,2026-03-16,24.58,Redeemed
1447,101016,3,2026-03-19,10.02,Redeemed
1448,101019,1,2026-01-19,14.42,Redeemed
1449,101022,4,2026-01-26,21.65,Expired
1450,101023,5,2026-02-05,42.19,Expired
1451,101023,1,2026-02-10,31.9,Redeemed
1452,101023,3,2026-02-10,83.24,Expired
1453,101024,3,2026-01-09,15.86,Expired
1454,101024,3,2026-01-27,57.71,Redeemed
1455,101025,5,2026-02-06,25.7,Redeemed
1456,101026,1,2026-02-09,48.95,Redeemed
1457,101029,1,2026-03-15,5.0,Redeemed
1458,101029,2,2026-03-27,27.34,Redeemed
1459,101032,2,2026-01-10,23.77,Expired
1460,101032,2,2026-01-10,431.42,Redeemed
1461,101032,1,2026-01-19,220.05,Expired
1462,101032,1,2026-01-26,27.61,Redeemed
1463,101032,3,2026-02-01,193.35,Redeemed
1464,101032,1,2026-02-04,163.08,Redeemed
1465,101032,5,2026-02-09,267.62,Redeemed
1466,101032,2,2026-02-10,157.62,Redeemed
1467,101032,1,2026-02-17,51.78,Redeemed
1468,101032,2,2026-02-20,106.79,Redeemed
1469,101032,3,2026-03-19,170.71,Redeemed
1470,101033,2,2026-01-29,49.49,Redeemed
1471,101033,3,2026-02-16,17.6,Redeemed
1472,101036,4,2026-03-04,25.16,Expired
1473,101037,3,2026-02-21,66.33,Redeemed
1474,101038,2,2026-01-02,47.27,Redeemed
1475,101039,2,2026-01-01,16.91,Redeemed
1476,101039,1,2026-02-11,32.99,Redeemed
1477,101039,1,2026-03-28,5.0,Expired
1478,101040,2,2026-03-05,23.45,Redeemed
1479,101040,1,2026-03-18,11.78,Redeemed
1480,101041,2,2026-01-23,9.96,Redeemed
1481,101042,5,2026-02-06,15.0,Expired
1482,101043,4,2026-01-04,15.11,Cancelled
1483,101044,5,2026-01-18,23.0,Redeemed
1484,101044,1,2026-01-24,26.44,Redeemed
1485,101044,4,2026-01-31,98.48,Redeemed
1486,101044,4,2026-02-19,135.81,Redeemed
1487,101044,4,2026-03-18,181.74,Expired
1488,101044,4,2026-03-21,76.77,Redeemed
1489,101044,4,2026-03-22,31.1,Redeemed
1490,101044,1,2026-03-24,45.19,Expired
1491,101045,2,2026-01-06,80.04,Redeemed
1492,101045,3,2026-02-02,68.23,Redeemed
1493,101045,1,2026-02-10,100.04,Redeemed
1494,101045,1,2026-02-13,23.78,Cancelled
1495,101045,2,2026-02-15,47.84,Redeemed
1496,101045,4,2026-02-24,141.67,Redeemed
1497,101045,5,2026-03-04,78.1,Redeemed
1498,101045,4,2026-03-09,94.14,Expired
1499,101046,4,2026-03-02,35.21,Redeemed
1500,101050,3,2026-03-07,23.29,Expired
1501,101051,3,2026-01-12,8.52,Redeemed
1502,101051,4,2026-01-24,14.43,Redeemed
1503,101052,2,2026-02-06,23.21,Expired
1504,101052,2,2026-02-16,5.0,Redeemed
1505,101056,4,2026-01-30,21.27,Redeemed
1506,101057,1,2026-03-19,20.39,Redeemed
1507,101058,1,2026-03-28,5.0,Redeemed
1508,101059,1,2026-03-02,30.35,Redeemed
1509,101060,1,2026-01-26,24.15,Expired
1510,101060,1,2026-03-20,10.26,Expired
1511,101063,2,2026-01-13,7.62,Cancelled
1512,101063,3,2026-01-23,47.52,Redeemed
1513,101064,2,2026-01-19,9.09,Redeemed
1514,101064,1,2026-01-26,30.58,Redeemed
1515,101065,1,2026-02-09,37.33,Redeemed
1516,101066,3,2026-01-25,33.65,Redeemed
1517,101066,4,2026-03-06,5.0,Redeemed
1518,101066,5,2026-03-14,6.02,Redeemed
1519,101066,2,2026-03-25,15.0,Redeemed
1520,101068,3,2026-02-02,26.53,Expired
1521,101069,2,2026-01-29,16.55,Redeemed
1522,101069,2,2026-03-02,31.16,Redeemed
1523,101069,2,2026-03-15,28.87,Redeemed
1524,101069,4,2026-03-17,13.7,Redeemed
1525,101070,2,2026-01-28,22.29,Redeemed
1526,101071,3,2026-02-11,31.63,Redeemed
1527,101072,3,2026-01-06,30.9,Redeemed
1528,101072,1,2026-03-16,12.02,Redeemed
1529,101073,1,2026-01-11,22.46,Expired
1530,101074,2,2026-02-17,11.89,Redeemed
1531,101074,1,2026-03-11,11.42,Redeemed
1532,101075,3,2026-01-07,11.36,Redeemed
1533,101075,5,2026-01-23,5.0,Expired
1534,101076,2,2026-01-02,28.22,Redeemed
1535,101076,3,2026-02-01,16.4,Redeemed
1536,101076,2,2026-02-07,15.74,Redeemed
1537,101077,3,2026-01-05,49.65,Redeemed
1538,101077,1,2026-01-15,151.45,Cancelled
1539,101077,1,2026-02-01,61.27,Redeemed
1540,101077,2,2026-02-22,116.36,Redeemed
1541,101077,4,2026-03-15,35.17,Expired
1542,101077,5,2026-03-22,128.9,Redeemed
1543,101078,3,2026-01-26,13.24,Expired
1544,101078,2,2026-02-22,55.35,Redeemed
1545,101078,1,2026-03-11,20.85,Redeemed
1546,101079,2,2026-02-26,9.34,Redeemed
1547,101079,1,2026-03-21,21.2,Cancelled
1548,101082,1,2026-03-03,16.08,Expired
1549,101085,3,2026-02-10,5.0,Redeemed
1550,101085,1,2026-03-20,21.05,Expired
1551,101087,2,2026-01-05,35.54,Redeemed
1552,101090,3,2026-01-21,69.48,Redeemed
1553,101090,2,2026-01-21,19.04,Redeemed
1554,101090,5,2026-01-27,86.55,Redeemed
1555,101090,4,2026-01-31,27.43,Redeemed
1556,101091,1,2026-03-23,5.0,Redeemed
1557,101092,2,2026-02-03,17.06,Redeemed
1558,101092,1,2026-03-06,28.68,Redeemed
1559,101093,5,2026-02-15,17.28,Redeemed
1560,101093,4,2026-03-03,28.41,Redeemed
1561,101093,2,2026-03-07,47.13,Redeemed
1562,101094,2,2026-01-06,57.73,Redeemed
1563,101095,3,2026-02-21,10.3,Redeemed
1564,101097,1,2026-03-04,48.32,Redeemed
1565,101097,3,2026-03-27,53.47,Redeemed
1566,101098,1,2026-02-01,33.39,Redeemed
1567,101099,3,2026-01-11,24.11,Redeemed
1568,101100,1,2026-02-20,15.58,Redeemed
1569,101102,1,2026-01-20,17.82,Cancelled
1570,101102,3,2026-02-05,50.03,Cancelled
1571,101103,3,2026-02-03,131.54,Redeemed
1572,101103,2,2026-02-05,312.59,Expired
1573,101103,5,2026-02-06,21.54,Redeemed
1574,101103,4,2026-02-06,191.88,Expired
1575,101103,3,2026-02-08,66.2,Expired
1576,101103,2,2026-02-14,60.6,Redeemed
1577,101103,4,2026-02-17,57.51,Redeemed
1578,101103,4,2026-02-22,132.55,Cancelled
1579,101103,1,2026-03-10,198.93,Redeemed
1580,101103,2,2026-03-25,24.21,Expired
1581,101103,2,2026-03-30,216.28,Redeemed
1582,101104,1,2026-02-14,34.12,Cancelled
1583,101105,5,2026-01-09,33.01,Redeemed
1584,101105,1,2026-02-10,6.74,Redeemed
1585,101105,3,2026-02-27,5.0,Redeemed
1586,101105,2,2026-03-03,39.55,Expired
1587,101106,2,2026-01-26,32.13,Redeemed
1588,101107,1,2026-01-18,197.5,Redeemed
1589,101107,2,2026-02-08,373.99,Redeemed
1590,101107,1,2026-03-03,78.32,Redeemed
1591,101107,1,2026-03-14,48.54,Redeemed
1592,101107,5,2026-03-17,148.49,Redeemed
1593,101108,4,2026-03-01,8.03,Redeemed
1594,101109,2,2026-02-20,29.82,Redeemed
1595,101110,4,2026-02-06,13.2,Redeemed
1596,101111,4,2026-03-20,18.59,Redeemed
1597,101111,4,2026-03-20,9.89,Expired
1598,101113,4,2026-01-02,30.01,Redeemed
1599,101113,2,2026-01-06,151.14,Redeemed
1600,101113,2,2026-01-27,103.8,Expired
1601,101113,4,2026-02-04,47.97,Redeemed
1602,101113,3,2026-02-10,207.72,Redeemed
1603,101113,2,2026-02-13,60.2,Redeemed
1604,101113,1,2026-02-14,171.56,Redeemed
1605,101113,5,2026-02-14,244.22,Redeemed
1606,101113,2,2026-02-14,230.02,Redeemed
1607,101113,3,2026-02-14,103.37,Redeemed
1608,101113,4,2026-03-12,39.31,Redeemed
1609,101114,4,2026-01-25,14.81,Redeemed
1610,101114,1,2026-02-14,5.0,Redeemed
1611,101115,2,2026-01-18,5.0,Redeemed
1612,101115,3,2026-02-10,5.0,Redeemed
1613,101115,2,2026-03-05,42.39,Cancelled
1614,101118,1,2026-02-14,52.36,Expired
1615,101119,3,2026-02-10,38.44,Redeemed
1616,101120,5,2026-02-15,18.28,Redeemed
1617,101123,1,2026-01-06,46.93,Redeemed
1618,101127,1,2026-01-01,136.08,Redeemed
1619,101127,2,2026-01-02,44.89,Redeemed
1620,101127,1,2026-01-06,34.74,Redeemed
1621,101127,4,2026-01-27,311.1,Cancelled
1622,101127,2,2026-02-01,47.95,Expired
1623,101127,2,2026-02-01,152.44,Redeemed
1624,101127,4,2026-02-05,31.78,Redeemed
1625,101127,2,2026-03-04,166.24,Redeemed
1626,101127,2,2026-03-09,96.14,Redeemed
1627,101127,3,2026-03-24,85.27,Redeemed
1628,101127,2,2026-03-31,184.91,Redeemed
1629,101128,5,2026-01-01,24.89,Redeemed
1630,101128,2,2026-02-26,31.13,Redeemed
1631,101129,4,2026-01-01,171.1,Redeemed
1632,101129,2,2026-01-03,32.55,Redeemed
1633,101129,2,2026-01-08,51.45,Redeemed
1634,101129,4,2026-01-23,53.38,Redeemed
1635,101129,4,2026-01-26,170.13,Redeemed
1636,101129,5,2026-01-29,36.54,Redeemed
1637,101129,2,2026-02-08,127.24,Redeemed
1638,101129,5,2026-02-09,159.41,Redeemed
1639,101129,1,2026-02-12,98.07,Redeemed
1640,101129,2,2026-02-18,211.24,Redeemed
1641,101130,2,2026-01-05,26.11,Redeemed
1642,101130,1,2026-01-23,15.8,Redeemed
1643,101131,3,2026-02-12,19.3,Expired
1644,101131,4,2026-03-13,53.3,Expired
1645,101132,3,2026-01-28,27.68,Redeemed
1646,101132,1,2026-02-08,39.43,Redeemed
1647,101132,4,2026-03-11,26.82,Redeemed
1648,101132,3,2026-03-28,39.53,Redeemed
1649,101133,5,2026-01-05,40.49,Expired
1650,101135,2,2026-01-01,6.54,Redeemed
1651,101135,4,2026-03-29,12.03,Cancelled
1652,101141,1,2026-01-01,24.65,Redeemed
1653,101142,2,2026-02-10,29.98,Expired
1654,101142,2,2026-02-14,18.81,Redeemed
1655,101143,2,2026-02-10,29.81,Redeemed
1656,101146,1,2026-02-28,39.12,Expired
1657,101146,4,2026-02-28,5.79,Redeemed
1658,101147,5,2026-01-04,13.39,Redeemed
1659,101147,2,2026-02-06,9.52,Redeemed
1660,101148,4,2026-01-13,78.27,Expired
1661,101151,2,2026-01-17,12.13,Redeemed
1662,101151,5,2026-01-25,27.4,Redeemed
1663,101155,2,2026-01-15,32.01,Redeemed
1664,101156,1,2026-01-19,39.83,Redeemed
1665,101157,2,2026-01-29,5.88,Redeemed
1666,101158,2,2026-01-03,5.0,Redeemed
1667,101158,1,2026-01-10,54.91,Redeemed
1668,101160,1,2026-01-16,40.16,Redeemed
1669,101160,3,2026-01-31,63.95,Redeemed
1670,101160,1,2026-03-15,47.19,Redeemed
1671,101162,3,2026-01-16,31.75,Redeemed
1672,101163,3,2026-02-17,46.4,Redeemed
1673,101164,2,2026-03-21,60.24,Redeemed
1674,101165,1,2026-02-12,6.61,Expired
1675,101165,1,2026-02-17,15.04,Redeemed
1676,101167,4,2026-02-23,16.49,Redeemed
1677,101169,4,2026-01-25,7.73,Redeemed
1678,101169,2,2026-03-02,5.0,Redeemed
1679,101169,2,2026-03-21,5.0,Redeemed
1680,101170,3,2026-02-08,13.87,Redeemed
1681,101170,1,2026-02-09,18.0,Redeemed
1682,101170,5,2026-03-01,16.01,Redeemed
1683,101170,3,2026-03-10,38.41,Expired
1684,101170,2,2026-03-14,23.39,Redeemed
1685,101172,2,2026-01-16,28.17,Redeemed
1686,101172,3,2026-01-25,56.95,Redeemed
1687,101173,4,2026-03-30,34.82,Redeemed
1688,101173,2,2026-03-31,30.01,Expired
1689,101174,4,2026-01-05,15.79,Redeemed
1690,101174,4,2026-01-19,19.09,Cancelled
1691,101174,1,2026-02-16,148.51,Redeemed
1692,101174,5,2026-02-26,79.06,Redeemed
1693,101174,3,2026-03-14,169.65,Redeemed
1694,101174,4,2026-03-31,78.99,Redeemed
1695,101175,1,2026-01-16,44.72,Redeemed
1696,101175,4,2026-02-05,61.17,Expired
1697,101175,1,2026-02-27,21.96,Redeemed
1698,101175,1,2026-03-06,16.27,Redeemed
1699,101175,3,2026-03-15,29.31,Redeemed
1700,101176,2,2026-01-29,20.24,Redeemed
1701,101177,3,2026-01-04,26.65,Redeemed
1702,101178,3,2026-03-09,44.67,Redeemed
1703,101179,3,2026-03-09,27.8,Redeemed
1704,101180,1,2026-02-15,21.34,Redeemed
1705,101181,3,2026-01-28,16.76,Redeemed
1706,101181,5,2026-02-05,21.37,Expired
1707,101181,2,2026-02-27,26.87,Redeemed
1708,101182,4,2026-01-07,5.0,Redeemed
1709,101184,3,2026-02-15,27.73,Redeemed
1710,101184,2,2026-02-15,16.15,Cancelled
1711,101185,1,2026-02-18,31.05,Redeemed
1712,101187,5,2026-01-16,5.0,Redeemed
1713,101188,5,2026-03-25,16.77,Redeemed
1714,101191,5,2026-01-22,80.52,Redeemed
1715,101191,1,2026-01-25,122.51,Redeemed
1716,101191,4,2026-02-01,158.82,Redeemed
1717,101193,2,2026-03-22,10.77,Redeemed
1718,101194,2,2026-01-18,7.7,Expired
1719,101195,2,2026-01-19,49.03,Redeemed
1720,101196,2,2026-03-20,23.92,Expired
1721,101196,1,2026-03-22,22.33,Expired
1722,101196,1,2026-03-30,15.06,Redeemed
1723,101200,2,2026-03-05,20.8,Redeemed
1724,101200,1,2026-03-11,6.4,Cancelled
1725,100282,1,2026-03-04,114.55,Redeemed
1726,100282,2,2026-01-05,141.62,Redeemed
1727,100282,1,2026-02-27,177.82,Redeemed
1728,100282,5,2026-01-26,158.04,Redeemed
1729,100687,5,2026-03-18,142.49,Redeemed
1730,100687,5,2026-01-30,174.95,Redeemed
1731,100687,5,2026-02-11,167.6,Redeemed
1732,100687,2,2026-03-31,148.39,Redeemed
1733,100687,1,2026-01-04,117.19,Redeemed
1734,100687,1,2026-02-21,157.21,Redeemed
1735,100687,5,2026-03-01,168.69,Redeemed
1736,100550,5,2026-02-02,118.3,Redeemed
1737,100550,1,2026-02-07,166.54,Redeemed
1738,100550,2,2026-01-24,117.03,Redeemed
1739,100550,2,2026-01-04,174.74,Redeemed
1740,100550,5,2026-03-19,169.78,Redeemed
1741,100550,5,2026-02-25,85.16,Redeemed
1742,100550,5,2026-01-13,98.65,Redeemed
1743,100460,1,2026-03-01,143.22,Redeemed
1744,100460,5,2026-02-02,153.77,Redeemed
1745,100460,5,2026-01-14,81.65,Redeemed
1746,100460,5,2026-03-30,81.29,Redeemed
1747,100460,2,2026-01-22,133.72,Redeemed
1748,100460,1,2026-01-29,112.85,Redeemed
1749,101033,2,2026-03-15,123.93,Redeemed
1750,101033,1,2026-01-25,142.82,Redeemed
1751,101033,5,2026-03-25,120.54,Redeemed
1752,101033,5,2026-01-28,164.7,Redeemed
1753,101033,5,2026-01-20,105.0,Redeemed
1754,100792,5,2026-02-25,177.84,Redeemed
1755,100792,2,2026-01-09,161.08,Redeemed
1756,100792,1,2026-01-06,82.41,Redeemed
1757,100792,2,2026-02-05,165.76,Redeemed
1758,100792,2,2026-03-26,84.64,Redeemed
1759,100792,5,2026-02-26,106.45,Redeemed
1760,100792,1,2026-01-31,169.39,Redeemed
1761,100745,2,2026-03-31,175.5,Redeemed
1762,100745,1,2026-02-24,93.97,Redeemed
1763,100745,2,2026-02-13,81.47,Redeemed
1764,100745,2,2026-03-07,170.57,Redeemed
1765,100745,2,2026-03-23,96.18,Redeemed
1766,100745,2,2026-03-07,149.8,Redeemed
1767,100745,2,2026-01-01,154.92,Redeemed
1768,100743,1,2026-03-01,115.95,Redeemed
1769,100743,5,2026-01-24,88.32,Redeemed
1770,100743,2,2026-02-21,87.5,Redeemed
1771,100743,2,2026-02-15,132.07,Redeemed
1772,100743,1,2026-03-19,116.48,Redeemed
